VTD,Node,population,ADJ_CEN10POP
02-001,Somerset Precinct 02-001,523,527
05-001,Somerset Precinct 05-001,891,895
03-001,Somerset Precinct 03-001,1491,1496
13-003,Somerset Precinct 13-003,283,285
13-002,Somerset Precinct 13-002,3768,947
13-001,Somerset Precinct 13-001,194,194
01-002,Somerset Precinct 01-002,3078,3097
01-003,Somerset Precinct 01-003,236,238
15-002,Somerset Precinct 15-002,1489,1501
01-001,Somerset Precinct 01-001,1255,1259
15-001,Somerset Precinct 15-001,4314,4329
01-001,Worcester Precinct 01-001,3093,3105
04-001,Somerset Precinct 04-001,1109,1115
01-002,Worcester Precinct 01-002,2776,2782
18-001,Dorchester Precinct 18-001,73,73
11-001,Dorchester Precinct 11-001,58,58
13-002,Dorchester Precinct 13-002,171,176
17-001,Dorchester Precinct 17-001,258,259
14-002,Dorchester Precinct 14-002,83,83
17-001,Wicomico Precinct 17-001,1629,1632
03-001,Dorchester Precinct 03-001,387,388
05-003,Cecil Precinct 05-003,6009,6012
01-002,Kent Precinct 01-002,2140,2143
02-001,Cecil Precinct 02-001,2854,2857
02-002,Cecil Precinct 02-002,2698,2701
05-002,Cecil Precinct 05-002,6628,6636
09-001,Cecil Precinct 09-001,4928,4930
05-004,Cecil Precinct 05-004,3598,3613
05-001,Cecil Precinct 05-001,6538,6556
03-002,Cecil Precinct 03-002,9425,9452
03-003,Cecil Precinct 03-003,8273,8289
04-001,Cecil Precinct 04-001,6125,6130
03-001,Cecil Precinct 03-001,9303,9324
04-002,Cecil Precinct 04-002,2722,2729
04-001,Worcester Precinct 04-001,760,762
02-001,Worcester Precinct 02-001,2797,2808
04-002,Worcester Precinct 04-002,3383,3385
01-003,Worcester Precinct 01-003,817,818
02-002,Worcester Precinct 02-002,899,904
15-001,Wicomico Precinct 15-001,3285,3305
16-002,Wicomico Precinct 16-002,3011,3025
08-004,Wicomico Precinct 08-004,3518,3520
08-003,Wicomico Precinct 08-003,1755,1755
13-003,Wicomico Precinct 13-003,3986,3988
13-001,Wicomico Precinct 13-001,6325,6340
09-004,Wicomico Precinct 09-004,331,333
09-002,Wicomico Precinct 09-002,4837,4926
13-002,Wicomico Precinct 13-002,6471,6544
08-002,Wicomico Precinct 08-002,1050,1050
05-002,Wicomico Precinct 05-002,6761,6862
09-001,Wicomico Precinct 09-001,2296,2305
08-001,Wicomico Precinct 08-001,2324,2330
05-004,Wicomico Precinct 05-004,4924,4934
05-003,Wicomico Precinct 05-003,3777,3797
05-005,Wicomico Precinct 05-005,2058,2061
11-002,Wicomico Precinct 11-002,718,723
11-001,Wicomico Precinct 11-001,4431,4445
05-006,Wicomico Precinct 05-006,4248,4253
07-025,Anne Arundel Precinct 07-025,2960,2964
07-003,Anne Arundel Precinct 07-003,2343,2348
07-010,Anne Arundel Precinct 07-010,3149,3151
07-019,Anne Arundel Precinct 07-019,3593,3598
07-006,Anne Arundel Precinct 07-006,3869,3872
05-007,Wicomico Precinct 05-007,1820,1821
06-001,Wicomico Precinct 06-001,851,854
04-001,Wicomico Precinct 04-001,3502,3513
14-001,Wicomico Precinct 14-001,2106,2111
04-003,Worcester Precinct 04-003,2344,2349
02-003,Worcester Precinct 02-003,3416,3439
03-003,Worcester Precinct 03-003,3438,3440
06-002,Worcester Precinct 06-002,2144,2151
05-002,Worcester Precinct 05-002,2863,2864
05-001,Worcester Precinct 05-001,4859,4861
03-001,Worcester Precinct 03-001,2625,2626
06-001,Worcester Precinct 06-001,2489,2489
06-003,Worcester Precinct 06-003,2475,2477
04-007,Montgomery Precinct 04-007,4439,4442
04-006,Montgomery Precinct 04-006,3806,3810
04-027,Montgomery Precinct 04-027,2021,2022
04-009,Montgomery Precinct 04-009,2412,2413
13-051,Montgomery Precinct 13-051,4122,4123
04-034,Montgomery Precinct 04-034,2376,2378
13-043,Montgomery Precinct 13-043,3663,3666
13-045,Montgomery Precinct 13-045,3022,3025
13-036,Montgomery Precinct 13-036,5569,5575
13-037,Montgomery Precinct 13-037,4102,4104
13-035,Montgomery Precinct 13-035,5078,5084
13-064,Montgomery Precinct 13-064,7412,7423
13-052,Montgomery Precinct 13-052,2900,2900
08-003,Montgomery Precinct 08-003,3590,3591
13-046,Montgomery Precinct 13-046,3015,3016
08-004,Montgomery Precinct 08-004,1716,1716
08-008,Montgomery Precinct 08-008,3660,3662
08-009,Montgomery Precinct 08-009,4615,4616
08-001,Montgomery Precinct 08-001,4497,4499
08-012,Montgomery Precinct 08-012,3850,3850
08-005,Montgomery Precinct 08-005,3376,3378
01-002,Montgomery Precinct 01-002,4764,4769
12-003,Montgomery Precinct 12-003,5097,5099
12-001,Montgomery Precinct 12-001,3032,3033
01-001,Montgomery Precinct 01-001,3282,3284
04-003,Howard Precinct 04-003,2302,2303
14-001,Frederick Precinct 14-001,4795,4798
03-001,Frederick Precinct 03-001,2726,2726
23-001,Frederick Precinct 23-001,5440,5443
24-003,Frederick Precinct 24-003,801,802
03-003,Frederick Precinct 03-003,3039,3040
24-001,Frederick Precinct 24-001,2087,2087
02-015,Frederick Precinct 02-015,4031,4036
26-001,Frederick Precinct 26-001,4828,4833
07-002,Washington Precinct 07-002,2975,2977
07-001,Washington Precinct 07-001,3368,3370
14-001,Washington Precinct 14-001,1153,1154
14-002,Washington Precinct 14-002,1599,1599
10-001,Frederick Precinct 10-001,2339,2343
15-001,Frederick Precinct 15-001,3933,3935
15-002,Frederick Precinct 15-002,5010,5013
04-001,Frederick Precinct 04-001,1247,1248
07-002,Frederick Precinct 07-002,6362,6363
09-001,Frederick Precinct 09-001,3502,3502
09-006,Frederick Precinct 09-006,4180,4183
13-001,Frederick Precinct 13-001,5205,5208
09-007,Frederick Precinct 09-007,5385,5387
09-004,Frederick Precinct 09-004,4256,4256
09-002,Frederick Precinct 09-002,4262,4266
09-005,Frederick Precinct 09-005,1935,1935
26-002,Frederick Precinct 26-002,4481,4487
11-001,Frederick Precinct 11-001,3400,3401
08-001,Frederick Precinct 08-001,2460,2462
17-001,Frederick Precinct 17-001,2212,2214
18-001,Frederick Precinct 18-001,6360,6364
04-001,Howard Precinct 04-001,2028,2029
18-002,Frederick Precinct 18-002,3268,3270
13-001,Carroll Precinct 13-001,4701,4706
13-002,Carroll Precinct 13-002,5277,5279
04-005,Howard Precinct 04-005,1925,1925
09-002,Carroll Precinct 09-002,3868,3872
19-001,Frederick Precinct 19-001,1755,1758
12-001,Carroll Precinct 12-001,1551,1553
11-001,Carroll Precinct 11-001,3677,3686
24-002,Frederick Precinct 24-002,2660,2661
03-002,Frederick Precinct 03-002,4260,4261
16-001,Frederick Precinct 16-001,4208,4210
06-001,Frederick Precinct 06-001,2107,2109
21-001,Frederick Precinct 21-001,3123,3127
02-014,Frederick Precinct 02-014,2317,2318
02-006,Frederick Precinct 02-006,3966,3969
01-002,Frederick Precinct 01-002,4264,4269
02-016,Frederick Precinct 02-016,3817,3823
23-003,Frederick Precinct 23-003,0,0
02-012,Frederick Precinct 02-012,2217,2218
23-002,Frederick Precinct 23-002,104,104
02-004,Frederick Precinct 02-004,6817,6831
02-017,Frederick Precinct 02-017,3420,3429
02-008,Frederick Precinct 02-008,7013,7027
02-013,Frederick Precinct 02-013,5323,5333
02-001,Frederick Precinct 02-001,4613,4642
02-002,Frederick Precinct 02-002,1738,1744
02-005,Frederick Precinct 02-005,1982,1985
02-009,Frederick Precinct 02-009,3332,3337
02-011,Frederick Precinct 02-011,4504,4517
07-004,Frederick Precinct 07-004,2849,2849
09-003,Frederick Precinct 09-003,1970,1971
02-003,Frederick Precinct 02-003,4106,4133
02-007,Frederick Precinct 02-007,4514,4526
02-018,Frederick Precinct 02-018,2338,2338
09-008,Frederick Precinct 09-008,1657,1659
13-002,Frederick Precinct 13-002,748,749
21-002,Frederick Precinct 21-002,2478,2480
21-003,Frederick Precinct 21-003,4360,4360
02-010,Frederick Precinct 02-010,6063,6074
20-001,Frederick Precinct 20-001,3115,3117
08-001,Washington Precinct 08-001,2478,2481
12-001,Frederick Precinct 12-001,3299,3301
22-001,Frederick Precinct 22-001,1553,1554
19-001,Washington Precinct 19-001,2519,2524
06-002,Washington Precinct 06-002,3419,3421
06-001,Washington Precinct 06-001,2697,2697
16-001,Washington Precinct 16-001,3852,3859
02-001,Washington Precinct 02-001,4366,4373
23-001,Washington Precinct 23-001,5266,5270
26-003,Washington Precinct 26-003,3251,3253
26-001,Washington Precinct 26-001,4738,4750
24-001,Washington Precinct 24-001,803,805
26-002,Washington Precinct 26-002,2780,2787
10-002,Washington Precinct 10-002,3301,3277
24-002,Washington Precinct 24-002,482,482
03-004,Washington Precinct 03-004,2662,2702
03-003,Washington Precinct 03-003,2957,2988
03-002,Washington Precinct 03-002,1907,1930
13-001,Washington Precinct 13-001,3870,3872
25-004,Washington Precinct 25-004,3391,3410
25-002,Washington Precinct 25-002,4036,4081
13-002,Washington Precinct 13-002,2044,2046
10-004,Washington Precinct 10-004,1076,1080
10-001,Washington Precinct 10-001,5717,3710
03-001,Washington Precinct 03-001,1411,1437
25-001,Washington Precinct 25-001,1600,1666
22-001,Washington Precinct 22-001,3534,3606
17-002,Washington Precinct 17-002,4620,4651
17-001,Washington Precinct 17-001,2346,2369
22-002,Washington Precinct 22-002,3150,3164
10-003,Washington Precinct 10-003,2072,2075
21-002,Washington Precinct 21-002,3038,3051
21-003,Washington Precinct 21-003,1510,1515
27-001,Washington Precinct 27-001,3057,3058
21-001,Washington Precinct 21-001,3500,3502
27-002,Washington Precinct 27-002,4282,4294
18-002,Washington Precinct 18-002,3522,3529
18-003,Washington Precinct 18-003,4643,4646
18-001,Washington Precinct 18-001,2737,2738
09-001,Washington Precinct 09-001,2918,2919
03-001,Charles Precinct 03-001,3401,3414
02-001,Charles Precinct 02-001,2093,2100
10-001,Charles Precinct 10-001,4162,4185
07-002,Charles Precinct 07-002,3837,3858
07-003,Charles Precinct 07-003,4482,4500
07-001,Charles Precinct 07-001,2153,2157
07-004,Charles Precinct 07-004,3462,3471
03-004,St. Mary's Precinct 03-004,2335,2335
03-003,St. Mary's Precinct 03-003,2867,2871
01-002,Charles Precinct 01-002,3156,3159
04-002,Charles Precinct 04-002,2253,2259
01-003,Charles Precinct 01-003,2962,2968
01-004,Charles Precinct 01-004,3172,3182
05-001,Charles Precinct 05-001,4591,4599
04-001,Charles Precinct 04-001,3592,3598
08-001,Charles Precinct 08-001,3043,2900
06-001,Charles Precinct 06-001,3029,3032
06-014,Charles Precinct 06-014,5238,5243
29-002,Allegany Precinct 29-002,2125,2125
06-006,Allegany Precinct 06-006,3609,2101
06-005,Allegany Precinct 06-005,1494,1496
06-003,Allegany Precinct 06-003,982,986
29-001,Allegany Precinct 29-001,2398,2398
06-001,Allegany Precinct 06-001,1872,1877
20-000,Allegany Precinct 20-000,2118,2119
04-005,Allegany Precinct 04-005,1186,1190
04-003,Allegany Precinct 04-003,1921,1929
04-002,Allegany Precinct 04-002,1628,1636
04-008,Allegany Precinct 04-008,2019,2020
04-004,Allegany Precinct 04-004,1735,1737
14-000,Allegany Precinct 14-000,951,959
05-004,Allegany Precinct 05-004,1897,1903
23-000,Allegany Precinct 23-000,3046,3060
05-006,Allegany Precinct 05-006,796,798
22-000,Allegany Precinct 22-000,3147,3155
16-000,Allegany Precinct 16-000,3591,3594
34-000,Allegany Precinct 34-000,1634,1635
21-000,Allegany Precinct 21-000,1213,1213
02-000,Allegany Precinct 02-000,1182,1183
03-000,Allegany Precinct 03-000,1048,1048
01-000,Allegany Precinct 01-000,936,936
05-001,Washington Precinct 05-001,3381,3388
25-001,Frederick Precinct 25-001,4763,4770
15-001,Washington Precinct 15-001,2019,2021
04-001,Washington Precinct 04-001,3080,3087
11-002,Washington Precinct 11-002,702,703
01-001,Washington Precinct 01-001,3286,3287
20-001,Washington Precinct 20-001,2177,2178
12-001,Washington Precinct 12-001,6966,3639
11-001,Washington Precinct 11-001,1172,1176
08-002,Garrett Precinct 08-002,971,972
08-001,Garrett Precinct 08-001,760,761
14-002,Garrett Precinct 14-002,1417,1418
07-001,Garrett Precinct 07-001,2419,2425
16-001,Garrett Precinct 16-001,3485,3489
10-001,Garrett Precinct 10-001,2010,2010
14-001,Garrett Precinct 14-001,2973,2979
06-001,Garrett Precinct 06-001,2188,2188
13-001,Garrett Precinct 13-001,716,717
01-001,Garrett Precinct 01-001,1829,1831
02-001,Garrett Precinct 02-001,1924,1925
05-001,Garrett Precinct 05-001,1859,1860
12-001,Garrett Precinct 12-001,1004,1005
04-001,Garrett Precinct 04-001,836,836
11-001,Garrett Precinct 11-001,188,188
08-000,Allegany Precinct 08-000,3457,3457
09-000,Allegany Precinct 09-000,1373,1373
10-000,Allegany Precinct 10-000,2129,2134
31-000,Allegany Precinct 31-000,1580,1582
03-002,Garrett Precinct 03-002,827,827
03-001,Garrett Precinct 03-001,2837,2839
15-001,Garrett Precinct 15-001,550,550
09-001,Garrett Precinct 09-001,1304,1304
18-000,Allegany Precinct 18-000,2160,2160
26-000,Allegany Precinct 26-000,5422,5423
11-000,Allegany Precinct 11-000,1236,1236
12-000,Allegany Precinct 12-000,3405,3408
24-000,Allegany Precinct 24-000,1906,1908
07-002,Allegany Precinct 07-002,2164,2166
29-003,Allegany Precinct 29-003,1650,1651
13-000,Allegany Precinct 13-000,2358,2364
07-001,Allegany Precinct 07-001,3719,2568
03-023,Harford Precinct 03-023,4011,4014
03-022,Harford Precinct 03-022,4317,4321
04-001,Harford Precinct 04-001,4014,4018
04-006,Harford Precinct 04-006,2656,2660
04-003,Harford Precinct 04-003,3519,3527
04-004,Harford Precinct 04-004,3332,3338
03-005,Harford Precinct 03-005,5694,5696
05-002,Harford Precinct 05-002,3112,3118
03-004,Harford Precinct 03-004,2246,2255
05-003,Harford Precinct 05-003,3461,3469
01-003,Harford Precinct 01-003,2697,2710
01-005,Harford Precinct 01-005,3690,3700
01-010,Harford Precinct 01-010,5104,5110
01-019,Harford Precinct 01-019,4209,4217
02-019,Harford Precinct 02-019,2112,2112
01-018,Harford Precinct 01-018,2790,2795
01-017,Harford Precinct 01-017,2403,2406
01-016,Harford Precinct 01-016,4676,4680
01-020,Harford Precinct 01-020,4144,4148
03-020,Harford Precinct 03-020,3137,3142
03-002,Harford Precinct 03-002,3488,3495
02-003,Harford Precinct 02-003,2476,2491
02-001,Harford Precinct 02-001,394,395
02-015,Harford Precinct 02-015,3255,3278
02-010,Harford Precinct 02-010,4461,4494
02-014,Harford Precinct 02-014,3925,3966
02-011,Harford Precinct 02-011,3057,3065
02-004,Harford Precinct 02-004,320,322
02-002,Harford Precinct 02-002,4475,4487
03-002,Kent Precinct 03-002,841,844
02-005,Harford Precinct 02-005,387,389
06-005,Harford Precinct 06-005,209,209
06-007,Harford Precinct 06-007,974,975
06-006,Harford Precinct 06-006,4492,4496
06-003,Harford Precinct 06-003,2744,2763
06-001,Harford Precinct 06-001,3154,3177
06-004,Harford Precinct 06-004,425,426
06-002,Harford Precinct 06-002,2579,2586
05-004,Harford Precinct 05-004,2208,2219
05-001,Harford Precinct 05-001,3593,3609
08-001,Cecil Precinct 08-001,4164,4169
07-001,Cecil Precinct 07-001,4018,4028
06-002,Cecil Precinct 06-002,3328,3332
07-003,Cecil Precinct 07-003,1743,1750
07-002,Cecil Precinct 07-002,6124,6133
06-001,Cecil Precinct 06-001,7481,7494
04-001,Talbot Precinct 04-001,4502,4514
06-001,Caroline Precinct 06-001,2111,2119
06-001,Queen Anne's Precinct 06-001,2034,2037
03-001,Caroline Precinct 03-001,7239,7265
07-001,Caroline Precinct 07-001,3777,3789
02-001,Caroline Precinct 02-001,5614,5624
02-001,Queen Anne's Precinct 02-001,2462,2465
02-001,Kent Precinct 02-001,1953,1957
07-001,Queen Anne's Precinct 07-001,3076,3086
01-001,Queen Anne's Precinct 01-001,2649,2653
01-001,Caroline Precinct 01-001,3348,3358
01-001,Kent Precinct 01-001,1702,1705
01-001,Cecil Precinct 01-001,5149,5152
07-009,Anne Arundel Precinct 07-009,4149,4159
02-003,Calvert Precinct 02-003,3620,3625
02-006,Calvert Precinct 02-006,3642,3646
02-008,Calvert Precinct 02-008,4607,4614
03-003,Calvert Precinct 03-003,4326,4331
02-007,Calvert Precinct 02-007,2153,2154
03-005,Calvert Precinct 03-005,4036,4040
03-007,Calvert Precinct 03-007,2903,2904
03-004,Calvert Precinct 03-004,4179,4188
03-008,Calvert Precinct 03-008,3772,3777
07-021,Anne Arundel Precinct 07-021,3079,3084
07-001,Anne Arundel Precinct 07-001,3679,3682
01-001,Frederick Precinct 01-001,5954,5957
03-002,Montgomery Precinct 03-002,2803,2805
03-001,Montgomery Precinct 03-001,3492,3495
11-000,Montgomery Precinct 11-000,2253,2258
07-001,Frederick Precinct 07-001,2761,2761
10-010,Montgomery Precinct 10-010,3652,3652
06-002,Montgomery Precinct 06-002,3033,3036
10-002,Montgomery Precinct 10-002,3525,3525
10-001,Montgomery Precinct 10-001,1996,1996
10-013,Montgomery Precinct 10-013,2282,2282
10-006,Montgomery Precinct 10-006,3137,3137
10-007,Montgomery Precinct 10-007,3755,3755
07-003,Montgomery Precinct 07-003,3773,3773
07-022,Montgomery Precinct 07-022,2926,2927
10-009,Montgomery Precinct 10-009,3546,3546
10-004,Montgomery Precinct 10-004,1982,1982
10-005,Montgomery Precinct 10-005,3080,3080
04-012,Montgomery Precinct 04-012,4519,4522
10-003,Montgomery Precinct 10-003,3096,3097
07-015,Montgomery Precinct 07-015,4465,4465
07-001,St. Mary's Precinct 07-001,3314,3316
04-003,St. Mary's Precinct 04-003,3645,3654
04-002,St. Mary's Precinct 04-002,2874,2877
03-002,St. Mary's Precinct 03-002,3498,3505
04-001,St. Mary's Precinct 04-001,3661,3666
05-001,St. Mary's Precinct 05-001,4404,4409
05-002,St. Mary's Precinct 05-002,3931,3939
09-002,Charles Precinct 09-002,3366,3369
05-003,St. Mary's Precinct 05-003,3726,3730
03-001,St. Mary's Precinct 03-001,2723,2732
06-004,St. Mary's Precinct 06-004,3130,3139
06-002,St. Mary's Precinct 06-002,3208,3218
03-005,St. Mary's Precinct 03-005,3980,3983
06-001,St. Mary's Precinct 06-001,2192,2194
02-002,Calvert Precinct 02-002,4634,4654
02-001,Calvert Precinct 02-001,4125,4129
09-001,Charles Precinct 09-001,3166,3170
08-001,Prince George's Precinct 08-001,2082,2089
11-002,Prince George's Precinct 11-002,3459,3465
15-001,Prince George's Precinct 15-001,4780,4789
15-004,Prince George's Precinct 15-004,4537,4542
04-001,Prince George's Precinct 04-001,2533,2536
03-006,Calvert Precinct 03-006,3209,3213
03-001,Prince George's Precinct 03-001,1431,1433
05-001,Frederick Precinct 05-001,6674,6684
10-001,Carroll Precinct 10-001,1422,1426
01-001,Carroll Precinct 01-001,9438,9456
02-001,Carroll Precinct 02-001,1850,1850
02-002,Carroll Precinct 02-002,2298,2299
12-002,Prince George's Precinct 12-002,2506,2522
12-009,Prince George's Precinct 12-009,6400,6430
12-004,Prince George's Precinct 12-004,5923,5942
12-006,Prince George's Precinct 12-006,5467,5484
12-012,Prince George's Precinct 12-012,4239,4247
12-016,Prince George's Precinct 12-016,3737,3746
12-003,Prince George's Precinct 12-003,4141,4158
12-007,Prince George's Precinct 12-007,2775,2780
12-017,Prince George's Precinct 12-017,1420,1422
12-013,Prince George's Precinct 12-013,4804,4823
06-008,Prince George's Precinct 06-008,2765,2772
06-017,Prince George's Precinct 06-017,5962,5977
06-009,Prince George's Precinct 06-009,3474,3490
06-012,Prince George's Precinct 06-012,2960,2971
07-005,Montgomery Precinct 07-005,2678,2678
13-039,Montgomery Precinct 13-039,3092,3094
13-047,Montgomery Precinct 13-047,5297,5298
13-004,Montgomery Precinct 13-004,3096,3097
13-008,Montgomery Precinct 13-008,3791,3793
13-021,Montgomery Precinct 13-021,4005,4007
13-003,Montgomery Precinct 13-003,2678,2678
13-058,Montgomery Precinct 13-058,3496,3498
13-016,Montgomery Precinct 13-016,4432,4437
13-065,Montgomery Precinct 13-065,3161,3165
13-007,Montgomery Precinct 13-007,3245,3246
13-017,Montgomery Precinct 13-017,2263,2264
13-024,Montgomery Precinct 13-024,2957,2959
11-019,Baltimore County Precinct 11-019,3808,3813
14-003,Baltimore County Precinct 14-003,5178,5186
11-013,Baltimore County Precinct 11-013,1630,1631
15-010,Baltimore County Precinct 15-010,4317,4338
15-005,Baltimore County Precinct 15-005,7703,7741
15-009,Baltimore County Precinct 15-009,1663,1671
15-004,Baltimore County Precinct 15-004,8190,8212
11-012,Baltimore County Precinct 11-012,4639,4640
11-007,Baltimore County Precinct 11-007,2900,2905
11-014,Baltimore County Precinct 11-014,3557,3557
11-006,Baltimore County Precinct 11-006,2601,2603
11-022,Baltimore County Precinct 11-022,4478,4481
11-005,Baltimore County Precinct 11-005,3314,3314
11-003,Baltimore County Precinct 11-003,5025,5033
11-001,Baltimore County Precinct 11-001,3078,3081
10-005,Baltimore County Precinct 10-005,397,397
10-003,Baltimore County Precinct 10-003,1771,1771
04-002,Harford Precinct 04-002,3320,3321
11-002,Baltimore County Precinct 11-002,3897,3901
03-006,Harford Precinct 03-006,3852,3855
04-005,Harford Precinct 04-005,4271,4273
15-007,Baltimore County Precinct 15-007,4627,4655
15-025,Baltimore County Precinct 15-025,2532,2535
15-008,Baltimore County Precinct 15-008,4093,4108
15-006,Baltimore County Precinct 15-006,3341,3345
11-004,Baltimore County Precinct 11-004,3433,3442
11-020,Baltimore County Precinct 11-020,106,107
01-045,Harford Precinct 01-045,3364,3370
12-008,Prince George's Precinct 12-008,2791,2796
12-015,Prince George's Precinct 12-015,3517,3525
06-006,Charles Precinct 06-006,4942,4964
06-018,Charles Precinct 06-018,3783,3783
06-009,Charles Precinct 06-009,3996,4015
06-008,Charles Precinct 06-008,2938,2951
06-016,Charles Precinct 06-016,3631,3635
06-015,Charles Precinct 06-015,4888,4895
06-011,Charles Precinct 06-011,2644,2649
06-007,Charles Precinct 06-007,5679,5705
06-005,Charles Precinct 06-005,3729,3747
06-017,Charles Precinct 06-017,2364,2372
06-022,Charles Precinct 06-022,3623,3636
06-012,Charles Precinct 06-012,2099,2105
08-004,Charles Precinct 08-004,3006,3014
08-005,Charles Precinct 08-005,1717,1727
08-003,Charles Precinct 08-003,2846,2856
08-002,Charles Precinct 08-002,2769,2779
09-007,Prince George's Precinct 09-007,4502,4510
09-004,Prince George's Precinct 09-004,2589,2596
09-005,Prince George's Precinct 09-005,4036,4046
09-001,Prince George's Precinct 09-001,4720,4729
09-010,Prince George's Precinct 09-010,3094,3107
09-002,Prince George's Precinct 09-002,4458,4471
09-008,Prince George's Precinct 09-008,6015,6021
09-006,Prince George's Precinct 09-006,3477,3484
11-004,Prince George's Precinct 11-004,3890,3897
11-001,Prince George's Precinct 11-001,3869,3871
09-011,Prince George's Precinct 09-011,5343,5352
09-009,Prince George's Precinct 09-009,1993,2000
11-003,Prince George's Precinct 11-003,4683,4691
15-003,Prince George's Precinct 15-003,2842,2844
01-007,Prince George's Precinct 01-007,758,759
06-014,Prince George's Precinct 06-014,2617,2622
06-002,Prince George's Precinct 06-002,1500,1502
06-013,Prince George's Precinct 06-013,3294,3304
06-024,Prince George's Precinct 06-024,4067,4082
06-015,Prince George's Precinct 06-015,4973,4991
06-021,Prince George's Precinct 06-021,747,752
06-004,Prince George's Precinct 06-004,5702,5727
06-022,Prince George's Precinct 06-022,5653,5664
06-006,Prince George's Precinct 06-006,4850,4860
06-018,Prince George's Precinct 06-018,3189,3199
06-007,Prince George's Precinct 06-007,5317,5331
09-003,Prince George's Precinct 09-003,2973,2974
06-016,Prince George's Precinct 06-016,5015,5026
06-005,Prince George's Precinct 06-005,2866,2881
06-010,Prince George's Precinct 06-010,4368,4380
06-011,Prince George's Precinct 06-011,2827,2837
06-001,Prince George's Precinct 06-001,5047,5064
06-003,Prince George's Precinct 06-003,5726,5758
18-011,Prince George's Precinct 18-011,3084,3097
18-004,Prince George's Precinct 18-004,3092,3109
18-001,Prince George's Precinct 18-001,4437,4449
02-007,Prince George's Precinct 02-007,2468,2470
18-005,Prince George's Precinct 18-005,2437,2447
18-003,Prince George's Precinct 18-003,3259,3276
18-012,Prince George's Precinct 18-012,190,190
02-003,Prince George's Precinct 02-003,3992,3999
18-009,Prince George's Precinct 18-009,2229,2248
06-019,Prince George's Precinct 06-019,3673,3685
18-007,Prince George's Precinct 18-007,3585,3601
18-010,Prince George's Precinct 18-010,1310,1317
18-006,Prince George's Precinct 18-006,5024,5049
18-002,Prince George's Precinct 18-002,2855,2865
18-008,Prince George's Precinct 18-008,2251,2264
13-017,Prince George's Precinct 13-017,2705,2726
13-002,Prince George's Precinct 13-002,4659,4701
13-016,Prince George's Precinct 13-016,4458,4464
06-023,Prince George's Precinct 06-023,2354,2362
15-006,Prince George's Precinct 15-006,3261,3264
15-002,Prince George's Precinct 15-002,2549,2559
06-020,Prince George's Precinct 06-020,4736,4752
13-009,Prince George's Precinct 13-009,5069,5074
13-007,Prince George's Precinct 13-007,5066,5087
13-001,Prince George's Precinct 13-001,3140,3164
13-008,Prince George's Precinct 13-008,4379,4405
13-014,Prince George's Precinct 13-014,3834,3842
13-006,Prince George's Precinct 13-006,3321,3327
13-004,Prince George's Precinct 13-004,3078,3080
13-010,Prince George's Precinct 13-010,4615,4624
13-012,Prince George's Precinct 13-012,3871,3872
13-011,Prince George's Precinct 13-011,4855,4863
02-001,Prince George's Precinct 02-001,3728,3739
16-099,Prince George's Precinct 16-099,0,0
02-099,Prince George's Precinct 02-099,0,0
02-008,Prince George's Precinct 02-008,8231,8250
16-001,Prince George's Precinct 16-001,1418,1420
02-098,Prince George's Precinct 02-098,27,27
02-005,Prince George's Precinct 02-005,4060,4068
19-005,Prince George's Precinct 19-005,35,35
19-004,Prince George's Precinct 19-004,4601,4610
19-001,Prince George's Precinct 19-001,6608,6614
21-002,Prince George's Precinct 21-002,5348,5349
21-001,Prince George's Precinct 21-001,4470,4473
19-002,Prince George's Precinct 19-002,5616,5629
05-002,Queen Anne's Precinct 05-002,2335,2337
04-007,Queen Anne's Precinct 04-007,1581,1588
05-003,Queen Anne's Precinct 05-003,3939,3963
01-005,Talbot Precinct 01-005,4241,4245
05-001,Queen Anne's Precinct 05-001,2538,2544
03-001,Queen Anne's Precinct 03-001,3238,3245
05-001,Kent Precinct 05-001,2618,2625
06-001,Kent Precinct 06-001,1900,1909
07-001,Kent Precinct 07-001,1222,1226
03-002,Queen Anne's Precinct 03-002,5286,5291
04-002,Kent Precinct 04-002,2056,2077
03-001,Kent Precinct 03-001,2046,2053
04-001,Kent Precinct 04-001,3719,3727
02-002,Queen Anne's Precinct 02-002,2084,2087
26-028,Baltimore City Precinct 26-028,1411,1421
26-027,Baltimore City Precinct 26-027,1888,1904
27-007,Baltimore City Precinct 27-007,1921,1931
26-030,Baltimore City Precinct 26-030,1301,1305
15-022,Baltimore County Precinct 15-022,4349,4354
15-021,Baltimore County Precinct 15-021,5321,5339
15-020,Baltimore County Precinct 15-020,5955,5980
15-015,Baltimore County Precinct 15-015,3406,3427
15-013,Baltimore County Precinct 15-013,2332,2338
15-012,Baltimore County Precinct 15-012,2653,2658
15-016,Baltimore County Precinct 15-016,3995,4014
15-017,Baltimore County Precinct 15-017,5249,5285
15-023,Baltimore County Precinct 15-023,7573,7619
15-024,Baltimore County Precinct 15-024,1083,1085
15-018,Baltimore County Precinct 15-018,3800,3816
15-019,Baltimore County Precinct 15-019,4113,4118
15-026,Baltimore County Precinct 15-026,2063,2071
12-012,Baltimore County Precinct 12-012,3061,3066
26-001,Baltimore City Precinct 26-001,637,643
26-002,Baltimore City Precinct 26-002,3301,3344
26-003,Baltimore City Precinct 26-003,2615,2641
12-010,Baltimore County Precinct 12-010,3392,3415
12-008,Baltimore County Precinct 12-008,3365,3387
12-003,Baltimore County Precinct 12-003,5044,5064
12-002,Baltimore County Precinct 12-002,4289,4313
26-005,Baltimore City Precinct 26-005,962,967
26-004,Baltimore City Precinct 26-004,2006,2015
26-007,Baltimore City Precinct 26-007,1816,1826
26-014,Baltimore City Precinct 26-014,2149,2169
26-015,Baltimore City Precinct 26-015,1978,2008
26-029,Baltimore City Precinct 26-029,6312,6377
12-001,Baltimore County Precinct 12-001,3575,3585
12-007,Baltimore County Precinct 12-007,5435,5463
12-006,Baltimore County Precinct 12-006,4865,4887
12-005,Baltimore County Precinct 12-005,4376,4407
12-004,Baltimore County Precinct 12-004,6138,6169
15-001,Baltimore County Precinct 15-001,3215,3238
15-002,Baltimore County Precinct 15-002,4051,4068
15-014,Baltimore County Precinct 15-014,1512,1516
03-013,Anne Arundel Precinct 03-013,2849,2854
03-018,Anne Arundel Precinct 03-018,3144,3147
03-016,Anne Arundel Precinct 03-016,3027,3032
03-001,Anne Arundel Precinct 03-001,2766,2767
03-003,Anne Arundel Precinct 03-003,4586,4589
03-021,Anne Arundel Precinct 03-021,3658,3663
03-007,Anne Arundel Precinct 03-007,3200,3203
03-020,Anne Arundel Precinct 03-020,2219,2220
03-024,Anne Arundel Precinct 03-024,3628,3632
03-019,Anne Arundel Precinct 03-019,2712,2714
03-014,Anne Arundel Precinct 03-014,2413,2421
03-002,Anne Arundel Precinct 03-002,2087,2090
03-010,Anne Arundel Precinct 03-010,2900,2903
03-011,Anne Arundel Precinct 03-011,3067,3069
03-015,Anne Arundel Precinct 03-015,1931,1931
03-012,Anne Arundel Precinct 03-012,2800,2805
12-009,Baltimore County Precinct 12-009,1904,1922
12-011,Baltimore County Precinct 12-011,5254,5283
12-013,Baltimore County Precinct 12-013,2728,2770
04-006,Queen Anne's Precinct 04-006,2943,2946
04-003,Queen Anne's Precinct 04-003,2115,2117
04-005,Queen Anne's Precinct 04-005,2814,2816
04-002,Queen Anne's Precinct 04-002,2880,2887
04-004,Queen Anne's Precinct 04-004,2058,2062
04-001,Queen Anne's Precinct 04-001,3766,3775
05-014,Anne Arundel Precinct 05-014,2471,2471
05-034,Anne Arundel Precinct 05-034,1541,1542
05-016,Anne Arundel Precinct 05-016,1907,1909
05-009,Anne Arundel Precinct 05-009,1558,1558
03-023,Anne Arundel Precinct 03-023,2243,2246
05-010,Anne Arundel Precinct 05-010,1368,1370
03-022,Anne Arundel Precinct 03-022,2325,2334
03-017,Anne Arundel Precinct 03-017,2652,2654
05-011,Anne Arundel Precinct 05-011,2465,2465
05-004,Anne Arundel Precinct 05-004,2669,2669
05-005,Anne Arundel Precinct 05-005,2494,2494
05-023,Anne Arundel Precinct 05-023,1765,1766
05-003,Anne Arundel Precinct 05-003,2349,2351
05-026,Anne Arundel Precinct 05-026,3247,3249
05-021,Anne Arundel Precinct 05-021,3686,3688
06-030,Anne Arundel Precinct 06-030,2200,2200
06-025,Anne Arundel Precinct 06-025,2041,2041
05-020,Anne Arundel Precinct 05-020,2511,2512
05-028,Anne Arundel Precinct 05-028,2504,2507
05-027,Anne Arundel Precinct 05-027,1985,1985
05-013,Anne Arundel Precinct 05-013,2325,2327
05-018,Anne Arundel Precinct 05-018,3637,3640
05-022,Anne Arundel Precinct 05-022,2993,2994
05-001,Anne Arundel Precinct 05-001,2923,2926
05-017,Anne Arundel Precinct 05-017,2802,2803
05-002,Anne Arundel Precinct 05-002,3316,3319
14-003,Prince George's Precinct 14-003,2757,2760
14-009,Prince George's Precinct 14-009,4221,4226
14-011,Prince George's Precinct 14-011,4588,4588
14-005,Prince George's Precinct 14-005,3712,3715
07-017,Prince George's Precinct 07-017,1955,1957
07-003,Prince George's Precinct 07-003,2676,2678
07-010,Prince George's Precinct 07-010,4865,4866
07-002,Prince George's Precinct 07-002,1981,1983
14-004,Prince George's Precinct 14-004,2585,2587
07-004,Prince George's Precinct 07-004,2679,2680
14-006,Prince George's Precinct 14-006,1912,1912
07-007,Prince George's Precinct 07-007,3914,3914
07-026,Anne Arundel Precinct 07-026,2163,2166
04-010,Anne Arundel Precinct 04-010,2703,2706
04-016,Anne Arundel Precinct 04-016,3425,3426
07-014,Anne Arundel Precinct 07-014,2044,2044
07-016,Anne Arundel Precinct 07-016,2843,2846
07-015,Anne Arundel Precinct 07-015,2472,2472
07-018,Anne Arundel Precinct 07-018,3052,3055
04-023,Anne Arundel Precinct 04-023,4384,4385
04-022,Anne Arundel Precinct 04-022,3132,3134
04-008,Anne Arundel Precinct 04-008,2448,2450
07-008,Anne Arundel Precinct 07-008,2899,2905
07-007,Anne Arundel Precinct 07-007,2967,2971
07-004,Anne Arundel Precinct 07-004,2290,2290
07-011,Anne Arundel Precinct 07-011,3086,3088
07-027,Anne Arundel Precinct 07-027,1731,1731
07-013,Anne Arundel Precinct 07-013,2579,2581
07-022,Anne Arundel Precinct 07-022,2857,2857
07-017,Anne Arundel Precinct 07-017,2640,2644
07-020,Anne Arundel Precinct 07-020,2514,2515
07-024,Anne Arundel Precinct 07-024,3343,3345
04-021,Anne Arundel Precinct 04-021,3968,3970
06-028,Anne Arundel Precinct 06-028,2135,2152
04-004,Anne Arundel Precinct 04-004,2600,2601
07-023,Anne Arundel Precinct 07-023,2223,2224
07-012,Anne Arundel Precinct 07-012,2848,2848
06-020,Anne Arundel Precinct 06-020,1389,1390
07-005,Anne Arundel Precinct 07-005,3557,3560
06-019,Anne Arundel Precinct 06-019,2320,2321
06-026,Anne Arundel Precinct 06-026,2089,2089
06-027,Anne Arundel Precinct 06-027,1385,1387
04-015,Anne Arundel Precinct 04-015,3267,3268
06-021,Anne Arundel Precinct 06-021,3875,3876
06-031,Anne Arundel Precinct 06-031,1630,1630
04-006,Anne Arundel Precinct 04-006,4739,4739
06-007,Howard Precinct 06-007,2163,2166
06-029,Howard Precinct 06-029,5171,5173
06-030,Howard Precinct 06-030,1373,1376
01-006,Howard Precinct 01-006,3915,3919
01-023,Anne Arundel Precinct 01-023,5518,1435
01-022,Anne Arundel Precinct 01-022,6325,6330
01-015,Howard Precinct 01-015,5246,4661
04-020,Anne Arundel Precinct 04-020,2612,2612
04-005,Anne Arundel Precinct 04-005,2087,2089
06-024,Anne Arundel Precinct 06-024,2018,2019
06-010,Anne Arundel Precinct 06-010,2199,2200
06-003,Anne Arundel Precinct 06-003,2998,3021
06-022,Anne Arundel Precinct 06-022,3737,3747
06-014,Anne Arundel Precinct 06-014,3555,3578
06-004,Anne Arundel Precinct 06-004,2286,2293
06-013,Anne Arundel Precinct 06-013,1626,1644
06-002,Anne Arundel Precinct 06-002,2049,2050
06-009,Anne Arundel Precinct 06-009,2116,2118
06-005,Anne Arundel Precinct 06-005,1849,1850
06-006,Anne Arundel Precinct 06-006,2868,2886
06-023,Anne Arundel Precinct 06-023,2035,2036
06-017,Anne Arundel Precinct 06-017,2951,2956
06-007,Anne Arundel Precinct 06-007,2204,2207
06-015,Anne Arundel Precinct 06-015,2841,2852
06-016,Anne Arundel Precinct 06-016,1650,1664
06-001,Anne Arundel Precinct 06-001,2794,2795
06-012,Anne Arundel Precinct 06-012,2754,2768
06-008,Anne Arundel Precinct 06-008,1673,1680
06-018,Anne Arundel Precinct 06-018,2523,2524
06-011,Anne Arundel Precinct 06-011,6514,6519
06-029,Anne Arundel Precinct 06-029,1364,1364
05-012,Prince George's Precinct 05-012,3423,3427
01-001,Charles Precinct 01-001,5286,5301
06-002,Charles Precinct 06-002,4526,4530
06-003,Charles Precinct 06-003,2347,2352
06-019,Charles Precinct 06-019,2635,2638
06-004,Charles Precinct 06-004,3588,3593
06-020,Charles Precinct 06-020,2143,2146
06-010,Charles Precinct 06-010,2848,2852
06-021,Charles Precinct 06-021,2037,2040
06-013,Charles Precinct 06-013,5329,5339
05-008,Prince George's Precinct 05-008,2736,2740
05-007,Prince George's Precinct 05-007,4047,4053
05-002,Prince George's Precinct 05-002,2409,2414
12-014,Prince George's Precinct 12-014,3162,3163
12-010,Prince George's Precinct 12-010,4178,4182
05-005,Prince George's Precinct 05-005,4200,4202
05-010,Prince George's Precinct 05-010,1703,1707
05-009,Prince George's Precinct 05-009,688,688
05-001,Prince George's Precinct 05-001,4414,4423
05-004,Prince George's Precinct 05-004,3882,3885
05-011,Prince George's Precinct 05-011,2731,2735
05-006,Prince George's Precinct 05-006,3842,3845
12-005,Prince George's Precinct 12-005,4389,4402
12-001,Prince George's Precinct 12-001,3161,3174
12-011,Prince George's Precinct 12-011,5222,5232
05-003,Prince George's Precinct 05-003,3504,3509
03-002,Dorchester Precinct 03-002,457,458
01-002,Wicomico Precinct 01-002,962,967
14-001,Dorchester Precinct 14-001,2702,2709
02-001,Dorchester Precinct 02-001,1993,2000
02-002,Dorchester Precinct 02-002,568,569
15-001,Dorchester Precinct 15-001,2806,2814
04-001,Caroline Precinct 04-001,4044,4057
15-003,Dorchester Precinct 15-003,1663,1670
01-001,Dorchester Precinct 01-001,1985,1985
15-002,Dorchester Precinct 15-002,157,158
12-002,Dorchester Precinct 12-002,621,626
12-001,Dorchester Precinct 12-001,492,495
05-001,Caroline Precinct 05-001,4841,4866
08-001,Caroline Precinct 08-001,2092,2099
07-001,Wicomico Precinct 07-001,1038,1040
02-001,Wicomico Precinct 02-001,2568,2483
07-002,Wicomico Precinct 07-002,712,713
16-001,Wicomico Precinct 16-001,4015,4028
09-005,Wicomico Precinct 09-005,3187,3190
09-003,Wicomico Precinct 09-003,3089,3091
09-006,Wicomico Precinct 09-006,4147,4233
01-004,Wicomico Precinct 01-004,161,161
15-002,Wicomico Precinct 15-002,163,163
01-001,Wicomico Precinct 01-001,653,655
01-003,Wicomico Precinct 01-003,690,692
10-002,Wicomico Precinct 10-002,775,775
10-001,Wicomico Precinct 10-001,559,565
05-007,Anne Arundel Precinct 05-007,2081,2081
02-013,Anne Arundel Precinct 02-013,1756,1757
05-024,Anne Arundel Precinct 05-024,2070,2073
05-029,Anne Arundel Precinct 05-029,1182,1183
05-025,Anne Arundel Precinct 05-025,2416,2418
05-008,Anne Arundel Precinct 05-008,2544,2547
05-032,Anne Arundel Precinct 05-032,698,700
05-006,Anne Arundel Precinct 05-006,1922,1922
05-012,Anne Arundel Precinct 05-012,1954,1954
05-030,Anne Arundel Precinct 05-030,1348,1352
03-009,Anne Arundel Precinct 03-009,1498,1500
03-005,Anne Arundel Precinct 03-005,3017,3021
05-031,Anne Arundel Precinct 05-031,772,772
02-020,Anne Arundel Precinct 02-020,3092,3092
02-011,Anne Arundel Precinct 02-011,2335,2340
02-012,Anne Arundel Precinct 02-012,2590,2598
02-019,Anne Arundel Precinct 02-019,4104,4120
03-008,Anne Arundel Precinct 03-008,3999,4016
02-010,Anne Arundel Precinct 02-010,3656,3661
02-022,Anne Arundel Precinct 02-022,3835,3842
03-025,Anne Arundel Precinct 03-025,2841,2853
03-004,Anne Arundel Precinct 03-004,4271,4276
03-006,Anne Arundel Precinct 03-006,4580,4585
01-002,Anne Arundel Precinct 01-002,1877,1880
01-011,Anne Arundel Precinct 01-011,1551,1554
01-007,Anne Arundel Precinct 01-007,2265,2266
01-001,Anne Arundel Precinct 01-001,2251,2252
01-010,Anne Arundel Precinct 01-010,1778,1780
13-006,Baltimore County Precinct 13-006,1703,1708
13-007,Baltimore County Precinct 13-007,4221,4256
13-009,Baltimore County Precinct 13-009,7498,7544
01-008,Anne Arundel Precinct 01-008,3031,3035
01-004,Anne Arundel Precinct 01-004,2741,2762
01-014,Anne Arundel Precinct 01-014,2794,2800
01-012,Anne Arundel Precinct 01-012,5587,5599
01-015,Anne Arundel Precinct 01-015,2554,2557
13-008,Baltimore County Precinct 13-008,2798,2814
25-005,Baltimore City Precinct 25-005,4632,4680
01-013,Anne Arundel Precinct 01-013,2017,2029
25-008,Baltimore City Precinct 25-008,4262,4342
25-009,Baltimore City Precinct 25-009,1789,1823
25-010,Baltimore City Precinct 25-010,2245,2287
25-003,Baltimore City Precinct 25-003,4285,4296
20-009,Baltimore City Precinct 20-009,1275,1289
20-005,Baltimore City Precinct 20-005,1370,1402
25-004,Baltimore City Precinct 25-004,4545,4584
20-010,Baltimore City Precinct 20-010,1025,1040
20-003,Baltimore City Precinct 20-003,3134,3230
20-011,Baltimore City Precinct 20-011,3433,3500
20-002,Baltimore City Precinct 20-002,1288,1318
16-013,Baltimore City Precinct 16-013,2391,2439
16-012,Baltimore City Precinct 16-012,2915,2968
20-004,Baltimore City Precinct 20-004,330,338
16-008,Baltimore City Precinct 16-008,1977,2029
26-031,Baltimore City Precinct 26-031,1141,1145
14-011,Baltimore County Precinct 14-011,3691,3706
14-007,Baltimore County Precinct 14-007,3607,3618
14-008,Baltimore County Precinct 14-008,4827,4852
27-008,Baltimore City Precinct 27-008,3522,3539
27-011,Baltimore City Precinct 27-011,3401,3409
27-010,Baltimore City Precinct 27-010,1019,1021
09-022,Baltimore County Precinct 09-022,5064,5077
14-012,Baltimore County Precinct 14-012,2689,2690
14-014,Baltimore County Precinct 14-014,876,877
14-006,Baltimore County Precinct 14-006,4389,4396
14-001,Baltimore County Precinct 14-001,2788,2792
14-010,Baltimore County Precinct 14-010,3103,3108
14-009,Baltimore County Precinct 14-009,5967,5999
14-005,Baltimore County Precinct 14-005,1525,1528
11-016,Baltimore County Precinct 11-016,3604,3607
14-002,Baltimore County Precinct 14-002,5301,5306
11-011,Baltimore County Precinct 11-011,5021,5030
09-023,Baltimore County Precinct 09-023,4211,4212
09-025,Baltimore County Precinct 09-025,3677,3681
11-009,Baltimore County Precinct 11-009,3819,3826
09-024,Baltimore County Precinct 09-024,4989,4990
11-015,Baltimore County Precinct 11-015,3714,3714
11-021,Baltimore County Precinct 11-021,979,980
11-008,Baltimore County Precinct 11-008,3554,3557
11-010,Baltimore County Precinct 11-010,4646,4647
11-018,Baltimore County Precinct 11-018,2486,2486
11-017,Baltimore County Precinct 11-017,4491,4493
15-003,Baltimore County Precinct 15-003,3138,3152
14-013,Baltimore County Precinct 14-013,4585,4594
15-011,Baltimore County Precinct 15-011,4489,4506
14-004,Baltimore County Precinct 14-004,436,436
04-001,Dorchester Precinct 04-001,263,263
16-001,Dorchester Precinct 16-001,532,532
05-001,Dorchester Precinct 05-001,324,324
09-001,Dorchester Precinct 09-001,668,668
13-001,Dorchester Precinct 13-001,211,212
08-001,Dorchester Precinct 08-001,911,911
02-002,Talbot Precinct 02-002,824,824
02-001,Talbot Precinct 02-001,3034,3038
02-003,Talbot Precinct 02-003,1460,1460
07-003,Dorchester Precinct 07-003,1048,1049
07-002,Dorchester Precinct 07-002,5201,5297
07-006,Dorchester Precinct 07-006,3529,3537
07-001,Dorchester Precinct 07-001,2999,3010
07-004,Dorchester Precinct 07-004,993,993
07-007,Dorchester Precinct 07-007,254,254
07-005,Dorchester Precinct 07-005,419,420
03-001,Talbot Precinct 03-001,3181,3189
03-003,Talbot Precinct 03-003,1203,1203
01-001,Talbot Precinct 01-001,5588,5614
01-003,Talbot Precinct 01-003,4399,4424
01-002,Talbot Precinct 01-002,7428,7456
07-001,Somerset Precinct 07-001,2716,2736
12-011,Baltimore City Precinct 12-011,1186,1210
12-008,Baltimore City Precinct 12-008,1831,1840
12-010,Baltimore City Precinct 12-010,2194,2243
01-018,Anne Arundel Precinct 01-018,4178,4186
01-017,Anne Arundel Precinct 01-017,2410,2414
01-016,Anne Arundel Precinct 01-016,3345,3365
25-011,Baltimore City Precinct 25-011,1557,1564
25-012,Baltimore City Precinct 25-012,3166,3188
25-014,Baltimore City Precinct 25-014,2385,2423
25-013,Baltimore City Precinct 25-013,1656,1662
25-015,Baltimore City Precinct 25-015,2255,2282
25-016,Baltimore City Precinct 25-016,3224,3253
24-004,Baltimore City Precinct 24-004,2952,2957
24-002,Baltimore City Precinct 24-002,930,930
24-001,Baltimore City Precinct 24-001,794,797
24-003,Baltimore City Precinct 24-003,1912,1914
03-003,Baltimore City Precinct 03-003,2095,2098
24-005,Baltimore City Precinct 24-005,3402,3409
02-003,Baltimore City Precinct 02-003,2783,2786
02-002,Baltimore City Precinct 02-002,2343,2352
01-002,Baltimore City Precinct 01-002,2349,2359
01-003,Baltimore City Precinct 01-003,2078,2083
05-001,Baltimore City Precinct 05-001,3187,3238
10-004,Baltimore City Precinct 10-004,787,808
10-003,Baltimore City Precinct 10-003,6118,4133
03-002,Baltimore City Precinct 03-002,1117,1140
01-004,Calvert Precinct 01-004,3231,3236
02-004,Calvert Precinct 02-004,3132,3143
01-003,Calvert Precinct 01-003,4133,4145
01-006,Calvert Precinct 01-006,5057,5072
02-005,Calvert Precinct 02-005,4222,4229
03-002,Calvert Precinct 03-002,4241,4252
03-001,Calvert Precinct 03-001,3091,3097
07-002,Anne Arundel Precinct 07-002,3366,3366
05-002,Talbot Precinct 05-002,883,883
05-001,Talbot Precinct 05-001,1039,1040
06-001,Dorchester Precinct 06-001,428,429
07-004,Baltimore City Precinct 07-004,4149,4274
26-010,Baltimore City Precinct 26-010,4552,4605
26-012,Baltimore City Precinct 26-012,1280,1298
08-010,Baltimore City Precinct 08-010,4252,4351
08-011,Baltimore City Precinct 08-011,779,809
08-003,Baltimore City Precinct 08-003,2884,2940
26-019,Baltimore City Precinct 26-019,2239,2274
26-020,Baltimore City Precinct 26-020,1130,1147
26-011,Baltimore City Precinct 26-011,2173,2199
26-013,Baltimore City Precinct 26-013,1728,1735
26-017,Baltimore City Precinct 26-017,546,552
26-018,Baltimore City Precinct 26-018,3828,3872
26-016,Baltimore City Precinct 26-016,1856,1877
04-004,Howard Precinct 04-004,3083,3084
14-002,Carroll Precinct 14-002,8626,8639
05-001,Carroll Precinct 05-001,4574,4575
05-006,Carroll Precinct 05-006,703,703
03-002,Howard Precinct 03-002,2964,2964
14-001,Carroll Precinct 14-001,3655,3658
05-005,Carroll Precinct 05-005,3683,3688
09-001,Carroll Precinct 09-001,3504,3507
07-007,Carroll Precinct 07-007,7941,7949
07-008,Carroll Precinct 07-008,2465,2467
07-005,Carroll Precinct 07-005,1067,1067
04-002,Carroll Precinct 04-002,3097,3100
04-003,Carroll Precinct 04-003,4524,4527
07-006,Carroll Precinct 07-006,3170,3176
07-003,Carroll Precinct 07-003,4758,4775
07-001,Carroll Precinct 07-001,2912,2925
05-004,Carroll Precinct 05-004,10254,9820
03-005,Howard Precinct 03-005,5072,5073
05-002,Carroll Precinct 05-002,6155,6160
01-002,St. Mary's Precinct 01-002,2546,2553
01-001,St. Mary's Precinct 01-001,4531,4538
10-001,Somerset Precinct 10-001,198,198
10-001,Dorchester Precinct 10-001,364,364
08-003,St. Mary's Precinct 08-003,5073,5076
08-005,St. Mary's Precinct 08-005,4037,4039
08-008,St. Mary's Precinct 08-008,469,470
08-010,St. Mary's Precinct 08-010,1572,1578
08-002,St. Mary's Precinct 08-002,2013,2016
06-003,St. Mary's Precinct 06-003,3663,3664
08-006,St. Mary's Precinct 08-006,2926,2927
01-001,Calvert Precinct 01-001,3426,3428
01-007,Calvert Precinct 01-007,3305,3314
01-005,Calvert Precinct 01-005,4996,5006
01-002,Calvert Precinct 01-002,4697,4706
02-002,St. Mary's Precinct 02-002,3018,3022
02-001,St. Mary's Precinct 02-001,3816,3821
08-009,St. Mary's Precinct 08-009,5382,5416
08-007,St. Mary's Precinct 08-007,3600,3613
08-001,St. Mary's Precinct 08-001,5263,5286
08-004,St. Mary's Precinct 08-004,7497,7513
08-011,Baltimore County Precinct 08-011,4488,4489
08-006,Baltimore County Precinct 08-006,3104,3109
08-003,Baltimore County Precinct 08-003,2178,2183
08-022,Baltimore County Precinct 08-022,2607,2608
08-001,Baltimore County Precinct 08-001,3138,3139
08-025,Baltimore County Precinct 08-025,2439,2439
08-004,Baltimore County Precinct 08-004,3079,3081
10-002,Baltimore County Precinct 10-002,1984,1986
10-004,Baltimore County Precinct 10-004,2496,2497
10-001,Baltimore County Precinct 10-001,4045,4047
05-001,Baltimore County Precinct 05-001,4446,4449
06-001,Baltimore County Precinct 06-001,2619,2619
06-002,Baltimore County Precinct 06-002,3170,3173
07-003,Baltimore County Precinct 07-003,3239,3242
07-002,Baltimore County Precinct 07-002,1450,1451
07-001,Baltimore County Precinct 07-001,4075,4080
09-001,St. Mary's Precinct 09-001,257,257
26-024,Baltimore City Precinct 26-024,3427,3458
26-025,Baltimore City Precinct 26-025,2922,2941
26-026,Baltimore City Precinct 26-026,2417,2445
27-005,Baltimore City Precinct 27-005,3320,3334
27-006,Baltimore City Precinct 27-006,4495,4534
27-019,Baltimore City Precinct 27-019,1049,1061
27-015,Baltimore City Precinct 27-015,3046,3069
09-020,Baltimore County Precinct 09-020,5200,5237
09-028,Baltimore County Precinct 09-028,3110,3125
09-019,Baltimore County Precinct 09-019,3122,3126
27-014,Baltimore City Precinct 27-014,3436,3444
27-013,Baltimore City Precinct 27-013,4565,4600
27-009,Baltimore City Precinct 27-009,1933,1940
27-012,Baltimore City Precinct 27-012,933,937
09-021,Baltimore County Precinct 09-021,4615,4620
09-029,Baltimore County Precinct 09-029,2922,2922
09-012,Baltimore County Precinct 09-012,2676,2677
09-007,Baltimore County Precinct 09-007,2823,2827
09-011,Baltimore County Precinct 09-011,3404,3412
09-010,Baltimore County Precinct 09-010,5636,5637
08-015,Baltimore County Precinct 08-015,2094,2095
08-014,Baltimore County Precinct 08-014,2420,2422
08-012,Baltimore County Precinct 08-012,2798,2799
08-005,Baltimore County Precinct 08-005,6829,6838
09-016,Baltimore County Precinct 09-016,1298,1301
09-017,Baltimore County Precinct 09-017,2038,2042
09-027,Baltimore County Precinct 09-027,40,40
09-018,Baltimore County Precinct 09-018,3251,3264
09-009,Baltimore County Precinct 09-009,2123,2123
09-026,Baltimore County Precinct 09-026,1443,1447
09-008,Baltimore County Precinct 09-008,1999,2000
08-007,Baltimore County Precinct 08-007,2728,2730
27-037,Baltimore City Precinct 27-037,1046,1050
27-038,Baltimore City Precinct 27-038,2046,2052
27-042,Baltimore City Precinct 27-042,2116,2116
27-044,Baltimore City Precinct 27-044,1527,1528
27-040,Baltimore City Precinct 27-040,1953,1953
27-039,Baltimore City Precinct 27-039,974,974
27-041,Baltimore City Precinct 27-041,2515,2518
09-003,Baltimore County Precinct 09-003,4397,4398
03-008,Baltimore County Precinct 03-008,4089,4090
09-001,Baltimore County Precinct 09-001,3301,3301
08-017,Baltimore County Precinct 08-017,2969,2971
08-018,Baltimore County Precinct 08-018,1134,1134
08-019,Baltimore County Precinct 08-019,3136,3137
08-009,Baltimore County Precinct 08-009,3800,3800
08-010,Baltimore County Precinct 08-010,2856,2857
08-020,Baltimore County Precinct 08-020,2029,2029
09-002,Baltimore County Precinct 09-002,2083,2084
09-004,Baltimore County Precinct 09-004,4806,4807
09-005,Baltimore County Precinct 09-005,4424,4424
09-006,Baltimore County Precinct 09-006,6984,6990
08-016,Baltimore County Precinct 08-016,801,803
08-013,Baltimore County Precinct 08-013,3350,3351
09-010,Baltimore City Precinct 09-010,1771,1797
09-003,Baltimore City Precinct 09-003,1850,1876
09-002,Baltimore City Precinct 09-002,1496,1508
09-009,Baltimore City Precinct 09-009,1322,1348
09-004,Baltimore City Precinct 09-004,2342,2358
09-005,Baltimore City Precinct 09-005,2136,2156
09-001,Baltimore City Precinct 09-001,1071,1092
27-036,Baltimore City Precinct 27-036,1338,1370
27-035,Baltimore City Precinct 27-035,4347,4405
27-026,Baltimore City Precinct 27-026,1714,1722
27-027,Baltimore City Precinct 27-027,2201,2226
27-028,Baltimore City Precinct 27-028,1741,1758
27-029,Baltimore City Precinct 27-029,1135,1155
09-008,Baltimore City Precinct 09-008,2280,2365
09-006,Baltimore City Precinct 09-006,2470,2487
09-007,Baltimore City Precinct 09-007,2391,2440
27-025,Baltimore City Precinct 27-025,1650,1673
27-024,Baltimore City Precinct 27-024,1194,1206
27-023,Baltimore City Precinct 27-023,745,754
27-034,Baltimore City Precinct 27-034,2204,2232
27-033,Baltimore City Precinct 27-033,2911,2929
27-032,Baltimore City Precinct 27-032,3471,3489
09-014,Baltimore County Precinct 09-014,3567,3573
09-013,Baltimore County Precinct 09-013,3103,3103
27-030,Baltimore City Precinct 27-030,2173,2188
27-031,Baltimore City Precinct 27-031,3076,3099
27-022,Baltimore City Precinct 27-022,3207,3239
27-021,Baltimore City Precinct 27-021,3517,3540
27-020,Baltimore City Precinct 27-020,3334,3349
09-015,Baltimore County Precinct 09-015,4078,4084
08-001,Baltimore City Precinct 08-001,1398,1410
08-002,Baltimore City Precinct 08-002,2243,2270
26-021,Baltimore City Precinct 26-021,3830,3891
26-022,Baltimore City Precinct 26-022,1090,1110
27-002,Baltimore City Precinct 27-002,727,730
27-001,Baltimore City Precinct 27-001,3123,3145
27-018,Baltimore City Precinct 27-018,4117,4126
27-017,Baltimore City Precinct 27-017,1599,1606
27-003,Baltimore City Precinct 27-003,783,786
27-004,Baltimore City Precinct 27-004,883,890
27-016,Baltimore City Precinct 27-016,1020,1020
26-023,Baltimore City Precinct 26-023,1821,1848
15-022,Baltimore City Precinct 15-022,1685,1719
15-024,Baltimore City Precinct 15-024,2988,3055
27-055,Baltimore City Precinct 27-055,1374,1414
15-025,Baltimore City Precinct 15-025,1236,1266
27-054,Baltimore City Precinct 27-054,840,864
27-058,Baltimore City Precinct 27-058,1037,1060
27-053,Baltimore City Precinct 27-053,2662,2722
27-052,Baltimore City Precinct 27-052,4221,4308
15-023,Baltimore City Precinct 15-023,2855,2905
13-005,Baltimore City Precinct 13-005,1221,1228
27-048,Baltimore City Precinct 27-048,1203,1207
27-043,Baltimore City Precinct 27-043,859,860
27-050,Baltimore City Precinct 27-050,1469,1471
27-051,Baltimore City Precinct 27-051,397,397
27-049,Baltimore City Precinct 27-049,3405,3406
03-009,Baltimore County Precinct 03-009,5136,5139
13-006,Baltimore City Precinct 13-006,994,1011
13-004,Baltimore City Precinct 13-004,1496,1504
13-003,Baltimore City Precinct 13-003,2645,2660
13-011,Baltimore City Precinct 13-011,2541,2547
13-012,Baltimore City Precinct 13-012,1469,1472
13-001,Baltimore City Precinct 13-001,2803,2803
27-047,Baltimore City Precinct 27-047,1903,1908
13-002,Baltimore City Precinct 13-002,1540,1546
27-046,Baltimore City Precinct 27-046,1018,1018
27-045,Baltimore City Precinct 27-045,5243,5244
12-003,Baltimore City Precinct 12-003,1599,1604
12-006,Baltimore City Precinct 12-006,1647,1648
12-005,Baltimore City Precinct 12-005,2034,2037
12-004,Baltimore City Precinct 12-004,3974,3976
12-002,Baltimore City Precinct 12-002,2582,2584
12-001,Baltimore City Precinct 12-001,2273,2273
07-028,Montgomery Precinct 07-028,2474,2474
10-012,Montgomery Precinct 10-012,4065,4069
04-032,Montgomery Precinct 04-032,1847,1847
10-011,Montgomery Precinct 10-011,2721,2722
04-013,Montgomery Precinct 04-013,2694,2695
07-018,Montgomery Precinct 07-018,3224,3224
07-024,Montgomery Precinct 07-024,3256,3256
07-027,Montgomery Precinct 07-027,2361,2361
07-023,Montgomery Precinct 07-023,4308,4308
07-013,Montgomery Precinct 07-013,4614,4614
07-030,Montgomery Precinct 07-030,1232,1232
07-012,Montgomery Precinct 07-012,3712,3712
07-004,Montgomery Precinct 07-004,5461,5461
07-007,Montgomery Precinct 07-007,2605,2605
07-011,Montgomery Precinct 07-011,4556,4556
07-026,Montgomery Precinct 07-026,5734,5734
07-001,Montgomery Precinct 07-001,2621,2623
07-002,Montgomery Precinct 07-002,2487,2487
07-006,Montgomery Precinct 07-006,2836,2836
07-021,Montgomery Precinct 07-021,1536,1536
07-017,Montgomery Precinct 07-017,2627,2627
07-020,Montgomery Precinct 07-020,3436,3436
07-019,Montgomery Precinct 07-019,3124,3124
07-025,Montgomery Precinct 07-025,3086,3086
07-010,Montgomery Precinct 07-010,4279,4279
07-031,Montgomery Precinct 07-031,1410,1411
04-018,Montgomery Precinct 04-018,4316,4316
04-028,Montgomery Precinct 04-028,2405,2405
04-031,Montgomery Precinct 04-031,4393,4393
04-010,Montgomery Precinct 04-010,3782,3782
04-017,Montgomery Precinct 04-017,2814,2814
04-008,Montgomery Precinct 04-008,4139,4128
02-005,Baltimore County Precinct 02-005,2939,2952
02-009,Baltimore County Precinct 02-009,3582,3595
02-014,Baltimore County Precinct 02-014,5157,5173
02-025,Baltimore County Precinct 02-025,578,578
02-028,Baltimore County Precinct 02-028,496,497
02-007,Baltimore County Precinct 02-007,3874,3889
02-023,Baltimore County Precinct 02-023,754,756
02-008,Baltimore County Precinct 02-008,3463,3480
03-014,Baltimore County Precinct 03-014,2471,2472
02-029,Baltimore County Precinct 02-029,4938,4944
02-026,Baltimore County Precinct 02-026,3043,3047
04-001,Baltimore County Precinct 04-001,5628,5640
02-015,Baltimore County Precinct 02-015,5802,5808
04-002,Baltimore County Precinct 04-002,5777,5784
04-014,Baltimore County Precinct 04-014,7905,7922
03-012,Baltimore County Precinct 03-012,3530,3540
04-003,Baltimore County Precinct 04-003,3982,3983
02-002,Baltimore County Precinct 02-002,5113,5166
02-004,Baltimore County Precinct 02-004,4669,4704
02-001,Baltimore County Precinct 02-001,2242,2256
03-001,Baltimore County Precinct 03-001,4491,4519
03-004,Baltimore County Precinct 03-004,2443,2451
03-003,Baltimore County Precinct 03-003,3123,3131
03-005,Baltimore County Precinct 03-005,4046,4052
03-002,Baltimore County Precinct 03-002,3732,3741
28-006,Baltimore City Precinct 28-006,3839,3879
28-007,Baltimore City Precinct 28-007,1838,1855
28-005,Baltimore City Precinct 28-005,2329,2359
28-002,Baltimore City Precinct 28-002,3026,3058
28-004,Baltimore City Precinct 28-004,1118,1134
15-002,Baltimore City Precinct 15-002,1383,1404
15-009,Baltimore City Precinct 15-009,3632,3696
05-003,Carroll Precinct 05-003,3344,3344
02-019,Baltimore County Precinct 02-019,1897,1900
02-018,Baltimore County Precinct 02-018,1669,1672
02-022,Baltimore County Precinct 02-022,45,45
02-020,Baltimore County Precinct 02-020,1070,1070
02-012,Baltimore County Precinct 02-012,6707,6726
02-024,Baltimore County Precinct 02-024,3568,3585
02-021,Baltimore County Precinct 02-021,1313,1316
02-027,Baltimore County Precinct 02-027,3080,3085
04-012,Baltimore County Precinct 04-012,3573,3575
04-006,Baltimore County Precinct 04-006,4577,4584
04-004,Carroll Precinct 04-004,1868,1871
04-001,Carroll Precinct 04-001,7998,8009
08-001,Carroll Precinct 08-001,6368,6371
04-007,Baltimore County Precinct 04-007,6026,6036
04-010,Baltimore County Precinct 04-010,3196,3197
04-008,Baltimore County Precinct 04-008,5348,5360
04-009,Baltimore County Precinct 04-009,2521,2526
07-004,Carroll Precinct 07-004,9401,9414
03-001,Carroll Precinct 03-001,5516,5524
07-002,Carroll Precinct 07-002,5038,5052
06-001,Carroll Precinct 06-001,7949,7961
08-002,Carroll Precinct 08-002,4738,4743
08-003,Carroll Precinct 08-003,3692,3693
06-002,Carroll Precinct 06-002,6052,6056
02-011,Baltimore County Precinct 02-011,8041,8070
02-010,Baltimore County Precinct 02-010,5926,5947
02-017,Baltimore County Precinct 02-017,4267,4289
02-016,Baltimore County Precinct 02-016,2019,2027
02-013,Baltimore County Precinct 02-013,4672,4690
02-003,Baltimore County Precinct 02-003,4108,4129
02-006,Baltimore County Precinct 02-006,4322,4351
03-001,Baltimore City Precinct 03-001,2756,2782
05-002,Baltimore City Precinct 05-002,360,377
10-002,Baltimore City Precinct 10-002,1886,1932
10-001,Baltimore City Precinct 10-001,1339,1382
09-015,Baltimore City Precinct 09-015,2452,2538
12-007,Baltimore City Precinct 12-007,1714,1749
09-014,Baltimore City Precinct 09-014,1807,1865
09-011,Baltimore City Precinct 09-011,497,514
09-013,Baltimore City Precinct 09-013,1227,1265
09-012,Baltimore City Precinct 09-012,2211,2270
02-001,Baltimore City Precinct 02-001,1628,1641
06-004,Baltimore City Precinct 06-004,1278,1289
06-003,Baltimore City Precinct 06-003,576,592
07-001,Baltimore City Precinct 07-001,1600,1649
08-007,Baltimore City Precinct 08-007,573,593
07-002,Baltimore City Precinct 07-002,371,398
06-002,Baltimore City Precinct 06-002,1118,1147
07-003,Baltimore City Precinct 07-003,3610,3761
08-008,Baltimore City Precinct 08-008,1356,1402
08-006,Baltimore City Precinct 08-006,2598,2673
08-005,Baltimore City Precinct 08-005,2376,2451
08-009,Baltimore City Precinct 08-009,1491,1552
08-004,Baltimore City Precinct 08-004,653,674
26-008,Baltimore City Precinct 26-008,1018,1020
01-004,Baltimore City Precinct 01-004,3049,3057
01-005,Baltimore City Precinct 01-005,3490,3503
26-009,Baltimore City Precinct 26-009,3458,3476
26-006,Baltimore City Precinct 26-006,1877,1885
01-001,Baltimore City Precinct 01-001,1867,1878
06-005,Baltimore City Precinct 06-005,3931,3977
06-001,Baltimore City Precinct 06-001,2567,2623
23-001,Baltimore City Precinct 23-001,1675,1681
22-002,Baltimore City Precinct 22-002,1640,1640
22-001,Baltimore City Precinct 22-001,1138,1138
19-001,Baltimore City Precinct 19-001,1895,1955
16-003,Baltimore City Precinct 16-003,1456,1498
16-002,Baltimore City Precinct 16-002,2184,2245
16-001,Baltimore City Precinct 16-001,1375,1413
18-001,Baltimore City Precinct 18-001,1769,1820
17-002,Baltimore City Precinct 17-002,1809,1851
14-003,Baltimore City Precinct 14-003,1643,1685
15-019,Baltimore City Precinct 15-019,2470,2535
14-005,Baltimore City Precinct 14-005,686,705
13-008,Baltimore City Precinct 13-008,2440,2490
13-007,Baltimore City Precinct 13-007,2036,2082
14-004,Baltimore City Precinct 14-004,3071,3151
13-009,Baltimore City Precinct 13-009,1577,1606
13-010,Baltimore City Precinct 13-010,2621,2685
04-003,Baltimore City Precinct 04-003,887,912
04-002,Baltimore City Precinct 04-002,2630,2641
17-001,Baltimore City Precinct 17-001,2742,2798
11-004,Baltimore City Precinct 11-004,1460,1502
11-003,Baltimore City Precinct 11-003,1862,1866
04-001,Baltimore City Precinct 04-001,2200,2211
11-006,Baltimore City Precinct 11-006,3062,3067
11-005,Baltimore City Precinct 11-005,888,891
11-002,Baltimore City Precinct 11-002,653,654
11-007,Baltimore City Precinct 11-007,1878,1882
11-001,Baltimore City Precinct 11-001,1991,1996
14-002,Baltimore City Precinct 14-002,1994,2005
14-001,Baltimore City Precinct 14-001,1571,1572
12-009,Baltimore City Precinct 12-009,2688,2721
12-012,Baltimore City Precinct 12-012,1751,1766
07-008,Montgomery Precinct 07-008,4340,4340
07-009,Montgomery Precinct 07-009,3685,3685
13-038,Montgomery Precinct 13-038,3835,3836
07-032,Montgomery Precinct 07-032,1685,1685
07-016,Montgomery Precinct 07-016,2646,2646
13-026,Montgomery Precinct 13-026,1784,1784
04-004,Montgomery Precinct 04-004,4081,4082
04-015,Montgomery Precinct 04-015,7034,7039
13-025,Montgomery Precinct 13-025,6640,6649
13-034,Montgomery Precinct 13-034,3366,3367
13-040,Montgomery Precinct 13-040,3372,3376
06-009,Montgomery Precinct 06-009,2597,2597
06-001,Montgomery Precinct 06-001,2915,2916
06-011,Montgomery Precinct 06-011,7337,7338
06-007,Montgomery Precinct 06-007,5197,5199
06-010,Montgomery Precinct 06-010,5341,5349
02-002,Montgomery Precinct 02-002,4990,4993
02-009,Montgomery Precinct 02-009,2187,2187
09-038,Montgomery Precinct 09-038,2737,2738
02-004,Montgomery Precinct 02-004,5535,5541
02-003,Montgomery Precinct 02-003,3787,3792
06-012,Montgomery Precinct 06-012,2935,2935
06-006,Montgomery Precinct 06-006,4243,4243
06-005,Montgomery Precinct 06-005,2777,2778
06-014,Montgomery Precinct 06-014,2229,2231
06-013,Montgomery Precinct 06-013,2523,2523
06-004,Montgomery Precinct 06-004,3021,3021
09-027,Montgomery Precinct 09-027,4865,4867
04-020,Montgomery Precinct 04-020,3834,3834
04-024,Montgomery Precinct 04-024,4679,4679
06-008,Montgomery Precinct 06-008,5064,5064
09-035,Montgomery Precinct 09-035,6283,6283
16-009,Baltimore City Precinct 16-009,2238,2281
16-010,Baltimore City Precinct 16-010,1429,1461
16-011,Baltimore City Precinct 16-011,1242,1265
15-012,Baltimore City Precinct 15-012,466,475
15-007,Baltimore City Precinct 15-007,2071,2100
15-013,Baltimore City Precinct 15-013,982,1003
15-015,Baltimore City Precinct 15-015,1174,1205
15-014,Baltimore City Precinct 15-014,1665,1697
15-006,Baltimore City Precinct 15-006,2251,2286
16-007,Baltimore City Precinct 16-007,1288,1316
16-006,Baltimore City Precinct 16-006,2395,2431
20-001,Baltimore City Precinct 20-001,2342,2398
16-004,Baltimore City Precinct 16-004,1031,1073
16-005,Baltimore City Precinct 16-005,2825,2910
15-018,Baltimore City Precinct 15-018,2056,2124
15-016,Baltimore City Precinct 15-016,1404,1443
15-020,Baltimore City Precinct 15-020,3724,3799
15-021,Baltimore City Precinct 15-021,1540,1572
15-017,Baltimore City Precinct 15-017,2458,2542
25-006,Baltimore City Precinct 25-006,1575,1618
25-007,Baltimore City Precinct 25-007,778,805
21-003,Baltimore City Precinct 21-003,2974,3021
19-002,Baltimore City Precinct 19-002,4506,4554
21-004,Baltimore City Precinct 21-004,613,620
18-002,Baltimore City Precinct 18-002,2370,2404
21-002,Baltimore City Precinct 21-002,1980,1993
23-003,Baltimore City Precinct 23-003,2246,2258
21-001,Baltimore City Precinct 21-001,1226,1230
23-002,Baltimore City Precinct 23-002,1325,1338
20-007,Baltimore City Precinct 20-007,3321,3378
28-010,Baltimore City Precinct 28-010,2695,2716
28-012,Baltimore City Precinct 28-012,588,602
28-009,Baltimore City Precinct 28-009,3253,3284
28-011,Baltimore City Precinct 28-011,2443,2475
20-006,Baltimore City Precinct 20-006,4013,4094
16-014,Baltimore City Precinct 16-014,3935,3994
28-008,Baltimore City Precinct 28-008,2282,2324
15-011,Baltimore City Precinct 15-011,1854,1892
15-010,Baltimore City Precinct 15-010,1902,1922
04-013,Anne Arundel Precinct 04-013,2319,2320
02-021,Anne Arundel Precinct 02-021,3513,3516
05-015,Anne Arundel Precinct 05-015,1989,1989
02-018,Anne Arundel Precinct 02-018,2588,2591
02-015,Anne Arundel Precinct 02-015,3273,3283
05-033,Anne Arundel Precinct 05-033,1576,1579
02-004,Anne Arundel Precinct 02-004,3201,3206
02-009,Anne Arundel Precinct 02-009,3793,3796
02-007,Anne Arundel Precinct 02-007,3649,3654
01-009,Anne Arundel Precinct 01-009,2800,2807
02-003,Anne Arundel Precinct 02-003,2971,2977
02-017,Anne Arundel Precinct 02-017,4914,4924
02-014,Anne Arundel Precinct 02-014,5642,5654
02-002,Anne Arundel Precinct 02-002,1768,1769
02-005,Anne Arundel Precinct 02-005,3801,3809
02-006,Anne Arundel Precinct 02-006,2653,2661
01-003,Anne Arundel Precinct 01-003,3181,3188
02-016,Anne Arundel Precinct 02-016,1959,1965
02-008,Anne Arundel Precinct 02-008,3469,3477
04-014,Anne Arundel Precinct 04-014,2422,2424
05-019,Anne Arundel Precinct 05-019,2102,2102
02-008,Howard Precinct 02-008,3012,3012
01-017,Baltimore County Precinct 01-017,6681,6705
01-012,Baltimore County Precinct 01-012,4080,4083
01-011,Baltimore County Precinct 01-011,3446,3447
01-013,Baltimore County Precinct 01-013,3370,3370
01-010,Baltimore County Precinct 01-010,4037,4047
01-003,Baltimore County Precinct 01-003,4460,4468
01-004,Baltimore County Precinct 01-004,4665,4676
01-002,Baltimore County Precinct 01-002,2971,2981
01-008,Howard Precinct 01-008,3044,3046
01-013,Howard Precinct 01-013,2135,2135
01-001,Howard Precinct 01-001,3670,3674
01-014,Baltimore County Precinct 01-014,6721,6723
13-004,Baltimore County Precinct 13-004,3613,3617
13-003,Baltimore County Precinct 13-003,4114,4121
13-002,Baltimore County Precinct 13-002,3275,3284
13-005,Baltimore County Precinct 13-005,3618,3624
01-009,Baltimore County Precinct 01-009,4576,4600
01-015,Baltimore County Precinct 01-015,4816,4820
01-007,Baltimore County Precinct 01-007,2962,2965
01-008,Baltimore County Precinct 01-008,5561,5569
01-005,Baltimore County Precinct 01-005,5730,5759
01-001,Baltimore County Precinct 01-001,6227,6258
01-006,Baltimore County Precinct 01-006,5303,5336
13-001,Baltimore County Precinct 13-001,5071,5082
01-016,Baltimore County Precinct 01-016,2758,2761
28-015,Baltimore City Precinct 28-015,3748,3770
25-001,Baltimore City Precinct 25-001,3765,3798
28-014,Baltimore City Precinct 28-014,958,971
25-002,Baltimore City Precinct 25-002,2881,2924
28-013,Baltimore City Precinct 28-013,2046,2070
20-008,Baltimore City Precinct 20-008,993,1012
09-033,Montgomery Precinct 09-033,3797,3797
09-006,Montgomery Precinct 09-006,6693,6701
06-003,Montgomery Precinct 06-003,3302,3305
09-026,Montgomery Precinct 09-026,4809,4813
09-008,Montgomery Precinct 09-008,8681,8692
09-029,Montgomery Precinct 09-029,4048,4052
09-018,Montgomery Precinct 09-018,5478,5485
09-034,Montgomery Precinct 09-034,5899,5913
09-013,Montgomery Precinct 09-013,4831,4833
09-003,Montgomery Precinct 09-003,4727,4734
09-024,Montgomery Precinct 09-024,3417,3418
09-016,Montgomery Precinct 09-016,7916,7924
09-030,Montgomery Precinct 09-030,4345,4348
09-015,Montgomery Precinct 09-015,4260,4267
09-005,Montgomery Precinct 09-005,2735,2740
09-011,Montgomery Precinct 09-011,3981,3983
09-012,Montgomery Precinct 09-012,4207,4213
02-005,Montgomery Precinct 02-005,4668,4668
02-010,Montgomery Precinct 02-010,2359,2359
02-008,Montgomery Precinct 02-008,5022,5025
07-003,Frederick Precinct 07-003,3099,3102
02-007,Montgomery Precinct 02-007,520,520
02-001,Montgomery Precinct 02-001,6873,6876
02-011,Montgomery Precinct 02-011,7117,7119
02-006,Montgomery Precinct 02-006,3097,3097
09-025,Montgomery Precinct 09-025,3508,3510
12-004,Montgomery Precinct 12-004,3209,3209
12-005,Montgomery Precinct 12-005,5199,5204
12-002,Montgomery Precinct 12-002,3412,3414
04-026,Montgomery Precinct 04-026,2603,2604
04-023,Montgomery Precinct 04-023,3456,3456
04-021,Montgomery Precinct 04-021,3561,3561
02-005,Howard Precinct 02-005,1936,1936
02-015,Howard Precinct 02-015,2858,2860
02-018,Howard Precinct 02-018,2765,2765
02-011,Howard Precinct 02-011,3282,3284
02-019,Howard Precinct 02-019,2109,2109
02-021,Howard Precinct 02-021,453,453
02-012,Howard Precinct 02-012,3435,3435
02-006,Howard Precinct 02-006,2541,2541
02-009,Howard Precinct 02-009,5987,5987
02-024,Howard Precinct 02-024,1765,1766
02-007,Howard Precinct 02-007,2092,2092
15-005,Prince George's Precinct 15-005,8373,8384
03-004,Prince George's Precinct 03-004,2818,2823
03-005,Prince George's Precinct 03-005,3285,3289
03-003,Prince George's Precinct 03-003,4106,4109
07-012,Prince George's Precinct 07-012,3409,3413
13-013,Prince George's Precinct 13-013,2501,2504
07-013,Prince George's Precinct 07-013,2771,2775
03-006,Prince George's Precinct 03-006,3929,3933
07-015,Prince George's Precinct 07-015,3600,3601
07-011,Prince George's Precinct 07-011,4100,4111
07-009,Prince George's Precinct 07-009,4629,4632
03-002,Prince George's Precinct 03-002,4102,4117
07-006,Prince George's Precinct 07-006,2971,2974
07-008,Prince George's Precinct 07-008,3088,3091
07-014,Prince George's Precinct 07-014,2439,2441
07-001,Prince George's Precinct 07-001,7746,7748
14-007,Prince George's Precinct 14-007,3309,3309
14-001,Prince George's Precinct 14-001,3382,3384
07-016,Prince George's Precinct 07-016,1856,1856
14-010,Prince George's Precinct 14-010,2559,2561
07-005,Prince George's Precinct 07-005,3497,3500
13-031,Montgomery Precinct 13-031,2498,2498
13-059,Montgomery Precinct 13-059,2408,2410
13-027,Montgomery Precinct 13-027,4544,4548
13-030,Montgomery Precinct 13-030,6194,6204
13-029,Montgomery Precinct 13-029,5369,5373
13-053,Montgomery Precinct 13-053,2578,2579
13-032,Montgomery Precinct 13-032,5405,5406
13-044,Montgomery Precinct 13-044,6185,6191
13-010,Montgomery Precinct 13-010,2531,2531
13-014,Montgomery Precinct 13-014,2577,2577
13-005,Montgomery Precinct 13-005,3853,3853
13-066,Montgomery Precinct 13-066,985,985
13-019,Montgomery Precinct 13-019,3024,3026
13-050,Montgomery Precinct 13-050,3042,3043
13-013,Montgomery Precinct 13-013,4814,4819
13-012,Montgomery Precinct 13-012,1826,1826
13-023,Montgomery Precinct 13-023,3361,3362
13-042,Montgomery Precinct 13-042,2067,2069
13-057,Montgomery Precinct 13-057,2024,2025
13-063,Montgomery Precinct 13-063,3041,3045
13-011,Montgomery Precinct 13-011,4422,4423
13-033,Montgomery Precinct 13-033,2774,2776
13-020,Montgomery Precinct 13-020,2613,2614
17-007,Prince George's Precinct 17-007,6536,6546
17-006,Prince George's Precinct 17-006,4430,4432
13-006,Montgomery Precinct 13-006,3166,3168
13-067,Montgomery Precinct 13-067,2308,2310
17-011,Prince George's Precinct 17-011,8096,8115
13-009,Montgomery Precinct 13-009,2637,2644
13-068,Montgomery Precinct 13-068,3058,3059
17-005,Prince George's Precinct 17-005,2348,2353
17-003,Prince George's Precinct 17-003,14983,15005
20-004,Prince George's Precinct 20-004,2834,2839
13-015,Prince George's Precinct 13-015,5203,5209
20-008,Prince George's Precinct 20-008,3901,3908
14-002,Prince George's Precinct 14-002,5577,5585
20-009,Prince George's Precinct 20-009,2234,2240
21-013,Prince George's Precinct 21-013,4035,4040
10-011,Prince George's Precinct 10-011,3445,3450
14-008,Prince George's Precinct 14-008,4297,4306
10-010,Prince George's Precinct 10-010,2411,2413
13-028,Montgomery Precinct 13-028,3683,3686
13-001,Montgomery Precinct 13-001,3442,3443
13-055,Montgomery Precinct 13-055,4765,4769
13-048,Montgomery Precinct 13-048,3779,3781
13-002,Montgomery Precinct 13-002,4389,4392
13-056,Montgomery Precinct 13-056,2381,2382
13-054,Montgomery Precinct 13-054,4244,4245
13-069,Montgomery Precinct 13-069,2951,2951
13-062,Montgomery Precinct 13-062,2702,2707
13-049,Montgomery Precinct 13-049,4256,4256
13-061,Montgomery Precinct 13-061,3179,3180
13-041,Montgomery Precinct 13-041,2165,2165
05-022,Montgomery Precinct 05-022,1920,1922
05-009,Montgomery Precinct 05-009,4902,4903
05-016,Montgomery Precinct 05-016,4225,4229
08-010,Montgomery Precinct 08-010,2854,2854
08-011,Montgomery Precinct 08-011,3982,3983
08-002,Montgomery Precinct 08-002,5216,5218
08-013,Montgomery Precinct 08-013,2530,2531
08-006,Montgomery Precinct 08-006,5064,5069
05-011,Montgomery Precinct 05-011,4945,4949
05-008,Montgomery Precinct 05-008,2604,2604
05-015,Montgomery Precinct 05-015,4557,4559
05-001,Montgomery Precinct 05-001,4943,4947
05-017,Montgomery Precinct 05-017,4965,4968
05-012,Montgomery Precinct 05-012,5379,5384
05-024,Montgomery Precinct 05-024,3622,3623
05-019,Montgomery Precinct 05-019,4361,4362
05-018,Montgomery Precinct 05-018,2235,2235
05-011,Howard Precinct 05-011,2852,2855
05-020,Howard Precinct 05-020,2135,2135
08-007,Montgomery Precinct 08-007,2385,2386
04-006,Howard Precinct 04-006,2533,2534
04-002,Howard Precinct 04-002,2028,2028
05-019,Howard Precinct 05-019,3073,3074
05-001,Howard Precinct 05-001,3462,3462
03-006,Howard Precinct 03-006,2422,2424
01-001,Prince George's Precinct 01-001,6163,6165
05-002,Montgomery Precinct 05-002,5281,5287
05-021,Montgomery Precinct 05-021,7184,7196
05-023,Montgomery Precinct 05-023,3220,3222
05-020,Montgomery Precinct 05-020,3857,3860
01-004,Prince George's Precinct 01-004,4136,4146
10-013,Prince George's Precinct 10-013,4952,4955
10-005,Prince George's Precinct 10-005,4252,4255
05-006,Howard Precinct 05-006,3095,3095
06-028,Howard Precinct 06-028,3369,3369
06-032,Howard Precinct 06-032,2109,2110
06-003,Howard Precinct 06-003,1928,1929
05-005,Howard Precinct 05-005,3174,3174
05-013,Howard Precinct 05-013,1643,1643
10-006,Prince George's Precinct 10-006,5053,5058
10-012,Prince George's Precinct 10-012,7376,7378
10-008,Prince George's Precinct 10-008,3415,3423
10-007,Prince George's Precinct 10-007,3187,3190
04-016,Montgomery Precinct 04-016,3739,3740
09-031,Montgomery Precinct 09-031,4319,4319
04-025,Montgomery Precinct 04-025,2984,2984
04-002,Montgomery Precinct 04-002,4166,4168
04-005,Montgomery Precinct 04-005,5357,5358
04-030,Montgomery Precinct 04-030,6083,6083
04-003,Montgomery Precinct 04-003,5782,5787
04-014,Montgomery Precinct 04-014,6547,6549
04-022,Montgomery Precinct 04-022,0,0
04-001,Montgomery Precinct 04-001,6532,6544
04-019,Montgomery Precinct 04-019,2945,2949
09-002,Montgomery Precinct 09-002,5729,5737
09-028,Montgomery Precinct 09-028,1312,1313
09-001,Montgomery Precinct 09-001,3705,3707
09-010,Montgomery Precinct 09-010,2687,2688
09-032,Montgomery Precinct 09-032,8023,8037
09-020,Montgomery Precinct 09-020,3578,3581
09-007,Montgomery Precinct 09-007,7941,7948
09-017,Montgomery Precinct 09-017,1492,1493
09-022,Montgomery Precinct 09-022,3508,3512
09-009,Montgomery Precinct 09-009,3327,3332
09-019,Montgomery Precinct 09-019,3949,3952
09-021,Montgomery Precinct 09-021,3693,3695
09-023,Montgomery Precinct 09-023,2461,2464
01-003,Montgomery Precinct 01-003,4183,4185
09-036,Montgomery Precinct 09-036,2927,2930
09-014,Montgomery Precinct 09-014,3284,3284
09-037,Montgomery Precinct 09-037,3470,3473
09-004,Montgomery Precinct 09-004,5151,5155
01-004,Montgomery Precinct 01-004,3337,3340
01-006,Montgomery Precinct 01-006,2578,2579
01-005,Montgomery Precinct 01-005,3925,3925
17-001,Prince George's Precinct 17-001,5016,5031
17-004,Prince George's Precinct 17-004,5745,5757
16-004,Prince George's Precinct 16-004,6264,6272
17-002,Prince George's Precinct 17-002,3002,3011
02-002,Prince George's Precinct 02-002,2709,2715
16-098,Prince George's Precinct 16-098,0,0
16-002,Prince George's Precinct 16-002,1231,1232
16-003,Prince George's Precinct 16-003,5991,5995
16-005,Prince George's Precinct 16-005,198,198
17-010,Prince George's Precinct 17-010,9064,9074
17-008,Prince George's Precinct 17-008,6840,6844
17-009,Prince George's Precinct 17-009,4813,4814
19-003,Prince George's Precinct 19-003,2558,2558
21-012,Prince George's Precinct 21-012,585,585
21-017,Prince George's Precinct 21-017,10775,10775
13-018,Montgomery Precinct 13-018,4459,4464
13-022,Montgomery Precinct 13-022,8329,8341
13-015,Montgomery Precinct 13-015,5720,5727
05-003,Montgomery Precinct 05-003,2750,2752
17-012,Prince George's Precinct 17-012,7713,7722
05-014,Montgomery Precinct 05-014,8100,8114
05-010,Montgomery Precinct 05-010,4021,4024
05-005,Montgomery Precinct 05-005,3066,3067
05-007,Montgomery Precinct 05-007,1365,1366
05-006,Montgomery Precinct 05-006,5965,5968
21-099,Prince George's Precinct 21-099,0,0
21-005,Prince George's Precinct 21-005,3676,3679
21-015,Prince George's Precinct 21-015,2623,2624
21-014,Prince George's Precinct 21-014,2066,2068
05-013,Montgomery Precinct 05-013,9938,9948
01-003,Prince George's Precinct 01-003,6821,6823
05-004,Montgomery Precinct 05-004,1528,1529
05-023,Howard Precinct 05-023,1837,1838
05-009,Howard Precinct 05-009,3649,3663
05-002,Howard Precinct 05-002,1065,1065
02-022,Howard Precinct 02-022,99,99
03-003,Howard Precinct 03-003,2833,2833
03-001,Howard Precinct 03-001,2155,2157
03-004,Howard Precinct 03-004,340,340
02-017,Howard Precinct 02-017,2893,2893
05-015,Howard Precinct 05-015,3367,3369
05-008,Howard Precinct 05-008,2504,2506
05-004,Howard Precinct 05-004,3262,3267
06-012,Howard Precinct 06-012,1041,1041
06-008,Howard Precinct 06-008,2806,2809
06-017,Howard Precinct 06-017,3471,3477
06-009,Howard Precinct 06-009,2904,2912
05-014,Howard Precinct 05-014,1036,1036
02-010,Howard Precinct 02-010,1643,1644
05-003,Howard Precinct 05-003,4029,4033
05-016,Howard Precinct 05-016,2921,2921
02-014,Howard Precinct 02-014,1298,1299
06-005,Howard Precinct 06-005,1941,1941
06-031,Howard Precinct 06-031,2263,2266
06-010,Howard Precinct 06-010,2172,2172
06-011,Howard Precinct 06-011,2041,2043
06-021,Howard Precinct 06-021,2286,2292
06-014,Howard Precinct 06-014,2218,2221
06-016,Howard Precinct 06-016,3628,3634
06-006,Howard Precinct 06-006,1472,1472
02-020,Howard Precinct 02-020,1374,1374
02-013,Howard Precinct 02-013,1363,1363
02-004,Howard Precinct 02-004,3096,3098
02-003,Howard Precinct 02-003,3746,3748
04-007,Anne Arundel Precinct 04-007,10354,10354
04-019,Anne Arundel Precinct 04-019,2963,2963
04-011,Anne Arundel Precinct 04-011,2257,2268
04-012,Anne Arundel Precinct 04-012,2341,2348
04-003,Anne Arundel Precinct 04-003,2508,2511
04-002,Anne Arundel Precinct 04-002,2896,2896
04-024,Anne Arundel Precinct 04-024,5446,5460
04-018,Anne Arundel Precinct 04-018,4409,4426
02-023,Anne Arundel Precinct 02-023,3096,3098
02-024,Anne Arundel Precinct 02-024,2818,2819
01-020,Anne Arundel Precinct 01-020,3111,3115
01-021,Anne Arundel Precinct 01-021,3406,3412
01-019,Anne Arundel Precinct 01-019,3301,3305
01-005,Anne Arundel Precinct 01-005,2402,2404
01-024,Anne Arundel Precinct 01-024,1825,1826
02-001,Anne Arundel Precinct 02-001,2106,2107
01-006,Anne Arundel Precinct 01-006,2686,2686
01-010,Howard Precinct 01-010,2210,2210
01-007,Howard Precinct 01-007,440,440
01-003,Howard Precinct 01-003,3713,3713
01-012,Howard Precinct 01-012,412,412
01-005,Howard Precinct 01-005,930,930
02-025,Howard Precinct 02-025,1673,1673
02-016,Howard Precinct 02-016,3341,3341
01-009,Howard Precinct 01-009,2571,2572
01-014,Howard Precinct 01-014,2083,2083
01-002,Howard Precinct 01-002,4014,4017
01-004,Howard Precinct 01-004,4096,4096
01-011,Howard Precinct 01-011,1663,1664
02-002,Howard Precinct 02-002,3727,3728
02-001,Howard Precinct 02-001,2958,2960
02-023,Howard Precinct 02-023,3251,3252
21-007,Prince George's Precinct 21-007,3123,3124
02-009,Prince George's Precinct 02-009,5546,5557
02-010,Prince George's Precinct 02-010,4110,4120
02-006,Prince George's Precinct 02-006,4915,4925
02-004,Prince George's Precinct 02-004,2993,2998
20-007,Prince George's Precinct 20-007,4549,4576
20-012,Prince George's Precinct 20-012,3105,3113
21-009,Prince George's Precinct 21-009,1403,1403
20-005,Prince George's Precinct 20-005,3525,3528
20-006,Prince George's Precinct 20-006,3283,3289
21-016,Prince George's Precinct 21-016,2352,2357
21-004,Prince George's Precinct 21-004,3824,3827
21-010,Prince George's Precinct 21-010,3451,3456
01-008,Prince George's Precinct 01-008,1000,1001
21-098,Prince George's Precinct 21-098,0,0
01-005,Prince George's Precinct 01-005,3630,3632
21-008,Prince George's Precinct 21-008,7321,7336
21-097,Prince George's Precinct 21-097,0,0
21-003,Prince George's Precinct 21-003,4232,4233
21-006,Prince George's Precinct 21-006,3121,3122
01-002,Prince George's Precinct 01-002,2452,2453
01-006,Prince George's Precinct 01-006,2330,2332
13-003,Prince George's Precinct 13-003,3767,3790
20-002,Prince George's Precinct 20-002,2348,2353
20-013,Prince George's Precinct 20-013,1334,1342
20-003,Prince George's Precinct 20-003,2499,2504
20-011,Prince George's Precinct 20-011,3816,3824
20-001,Prince George's Precinct 20-001,4539,4544
21-018,Prince George's Precinct 21-018,4170,4177
21-011,Prince George's Precinct 21-011,5093,5096
20-010,Prince George's Precinct 20-010,3439,3444
13-005,Prince George's Precinct 13-005,4983,4992
10-001,Prince George's Precinct 10-001,4659,4668
10-002,Prince George's Precinct 10-002,5996,6001
10-004,Prince George's Precinct 10-004,4068,4076
06-024,Howard Precinct 06-024,2823,2825
10-003,Prince George's Precinct 10-003,3274,3284
06-015,Howard Precinct 06-015,2907,2911
10-009,Prince George's Precinct 10-009,5929,5937
04-017,Anne Arundel Precinct 04-017,4231,4237
04-001,Anne Arundel Precinct 04-001,3526,3527
06-034,Howard Precinct 06-034,3433,3436
06-002,Howard Precinct 06-002,4305,4307
04-009,Anne Arundel Precinct 04-009,3557,3565
06-035,Howard Precinct 06-035,3827,3828
06-023,Howard Precinct 06-023,951,951
06-025,Howard Precinct 06-025,1005,1005
06-018,Howard Precinct 06-018,2223,2224
06-026,Howard Precinct 06-026,3300,3303
06-004,Howard Precinct 06-004,2603,2605
06-027,Howard Precinct 06-027,2975,2976
06-001,Howard Precinct 06-001,2983,2992
06-033,Howard Precinct 06-033,2674,2680
06-020,Howard Precinct 06-020,2849,2851
06-013,Howard Precinct 06-013,2011,2013
06-022,Howard Precinct 06-022,2341,2342
06-019,Howard Precinct 06-019,3154,3158
05-022,Howard Precinct 05-022,4608,4608
05-010,Howard Precinct 05-010,4298,4298
05-021,Howard Precinct 05-021,3064,3067
05-017,Howard Precinct 05-017,2231,2232
05-018,Howard Precinct 05-018,1940,1943
05-007,Howard Precinct 05-007,2185,2186
05-012,Howard Precinct 05-012,2411,2411
15-001,Baltimore City Precinct 15-001,2340,2390
28-003,Baltimore City Precinct 28-003,709,718
27-061,Baltimore City Precinct 27-061,1545,1555
27-056,Baltimore City Precinct 27-056,1649,1698
27-057,Baltimore City Precinct 27-057,3175,3230
27-059,Baltimore City Precinct 27-059,1449,1469
28-001,Baltimore City Precinct 28-001,2089,2075
27-067,Baltimore City Precinct 27-067,4019,4031
27-062,Baltimore City Precinct 27-062,3505,3528
27-066,Baltimore City Precinct 27-066,3429,3429
03-006,Baltimore County Precinct 03-006,2837,2838
27-063,Baltimore City Precinct 27-063,2439,2450
27-065,Baltimore City Precinct 27-065,4656,4658
27-060,Baltimore City Precinct 27-060,1228,1241
27-064,Baltimore City Precinct 27-064,2510,2511
03-007,Baltimore County Precinct 03-007,5842,5843
03-011,Baltimore County Precinct 03-011,4106,4109
03-013,Baltimore County Precinct 03-013,2669,2670
03-010,Baltimore County Precinct 03-010,3658,3659
08-008,Baltimore County Precinct 08-008,2639,2639
04-005,Baltimore County Precinct 04-005,3978,3982
04-004,Baltimore County Precinct 04-004,5338,5345
04-013,Baltimore County Precinct 04-013,778,778
04-011,Baltimore County Precinct 04-011,579,579
08-023,Baltimore County Precinct 08-023,961,961
08-021,Baltimore County Precinct 08-021,764,764
08-024,Baltimore County Precinct 08-024,1377,1377
08-002,Baltimore County Precinct 08-002,4296,4296
15-008,Baltimore City Precinct 15-008,1008,1012
15-003,Baltimore City Precinct 15-003,2984,3026
15-004,Baltimore City Precinct 15-004,1335,1350
15-005,Baltimore City Precinct 15-005,1773,1785
12-001,Somerset Precinct 12-001,910,912
08-002,Somerset Precinct 08-002,515,516
08-001,Somerset Precinct 08-001,1825,1831
10-002,Somerset Precinct 10-002,78,78
14-001,Somerset Precinct 14-001,471,471
09-001,Somerset Precinct 09-001,353,355
06-001,Somerset Precinct 06-001,606,607
11-001,Somerset Precinct 11-001,167,167
01-002,Harford Precinct 01-002,2847,2851
01-041,Harford Precinct 01-041,2596,2603
01-001,Harford Precinct 01-001,5523,5566
01-004,Harford Precinct 01-004,4584,4603
01-006,Harford Precinct 01-006,5728,5795
03-007,Harford Precinct 03-007,2852,2854
03-014,Harford Precinct 03-014,2604,2605
03-003,Harford Precinct 03-003,4633,4634
03-008,Harford Precinct 03-008,3736,3736
03-009,Harford Precinct 03-009,4321,4323
03-013,Harford Precinct 03-013,4052,4052
03-010,Harford Precinct 03-010,3984,3992
03-024,Harford Precinct 03-024,3479,3484
03-015,Harford Precinct 03-015,3260,3263
01-007,Harford Precinct 01-007,2640,2649
01-015,Harford Precinct 01-015,4299,4301
01-009,Harford Precinct 01-009,3642,3647
01-008,Harford Precinct 01-008,4693,4695
03-016,Harford Precinct 03-016,3308,3308
01-021,Harford Precinct 01-021,1291,1291
01-013,Harford Precinct 01-013,4425,4431
01-011,Harford Precinct 01-011,3995,4001
01-012,Harford Precinct 01-012,3652,3654
01-014,Harford Precinct 01-014,5177,5182
03-012,Harford Precinct 03-012,3362,3365
03-011,Harford Precinct 03-011,2687,2689
03-017,Harford Precinct 03-017,3027,3030
03-018,Harford Precinct 03-018,3781,3786
03-019,Harford Precinct 03-019,3687,3690
03-021,Harford Precinct 03-021,4214,4217
03-002,Worcester Precinct 03-002,3071,3075
07-001,Worcester Precinct 07-001,7205,7213
